[{"model": "admin.logentry", "pk": 1, "fields": {"action_time": "2025-06-28T19:01:32.350Z", "user": 1, "content_type": 9, "object_id": "5e4a2651-9148-49d3-8a6d-1687af7a94d3", "object_repr": "5e4a2651-9148-49d3-8a6d-1687af7a94d3", "action_flag": 1, "change_message": "[{\"added\": {}}]"}}, {"model": "admin.logentry", "pk": 2, "fields": {"action_time": "2025-06-28T19:01:35.884Z", "user": 1, "content_type": 9, "object_id": "0858d2ae-2c9b-476e-ae9b-52b6b241ce5c", "object_repr": "0858d2ae-2c9b-476e-ae9b-52b6b241ce5c", "action_flag": 1, "change_message": "[{\"added\": {}}]"}}, {"model": "admin.logentry", "pk": 3, "fields": {"action_time": "2025-06-28T19:01:39.378Z", "user": 1, "content_type": 9, "object_id": "ab0beb0b-c436-411f-a1f4-1dc3fccde9db", "object_repr": "ab0beb0b-c436-411f-a1f4-1dc3fccde9db", "action_flag": 1, "change_message": "[{\"added\": {}}]"}}, {"model": "admin.logentry", "pk": 4, "fields": {"action_time": "2025-06-28T19:01:42.585Z", "user": 1, "content_type": 9, "object_id": "3cff18f1-d049-43f3-9c69-fcc8948f66f6", "object_repr": "3cff18f1-d049-43f3-9c69-fcc8948f66f6", "action_flag": 1, "change_message": "[{\"added\": {}}]"}}, {"model": "admin.logentry", "pk": 5, "fields": {"action_time": "2025-06-28T19:01:47.256Z", "user": 1, "content_type": 9, "object_id": "07762bcf-b689-44bc-beda-60f19e36b2a6", "object_repr": "07762bcf-b689-44bc-beda-60f19e36b2a6", "action_flag": 1, "change_message": "[{\"added\": {}}]"}}, {"model": "admin.logentry", "pk": 6, "fields": {"action_time": "2025-06-28T19:01:50.220Z", "user": 1, "content_type": 9, "object_id": "7b0befd9-89b3-4e00-a03e-f6698e4f82cd", "object_repr": "7b0befd9-89b3-4e00-a03e-f6698e4f82cd", "action_flag": 1, "change_message": "[{\"added\": {}}]"}}, {"model": "auth.permission", "pk": 1, "fields": {"name": "Can add log entry", "content_type": 1, "codename": "add_logentry"}}, {"model": "auth.permission", "pk": 2, "fields": {"name": "Can change log entry", "content_type": 1, "codename": "change_logentry"}}, {"model": "auth.permission", "pk": 3, "fields": {"name": "Can delete log entry", "content_type": 1, "codename": "delete_logentry"}}, {"model": "auth.permission", "pk": 4, "fields": {"name": "Can view log entry", "content_type": 1, "codename": "view_logentry"}}, {"model": "auth.permission", "pk": 5, "fields": {"name": "Can add permission", "content_type": 2, "codename": "add_permission"}}, {"model": "auth.permission", "pk": 6, "fields": {"name": "Can change permission", "content_type": 2, "codename": "change_permission"}}, {"model": "auth.permission", "pk": 7, "fields": {"name": "Can delete permission", "content_type": 2, "codename": "delete_permission"}}, {"model": "auth.permission", "pk": 8, "fields": {"name": "Can view permission", "content_type": 2, "codename": "view_permission"}}, {"model": "auth.permission", "pk": 9, "fields": {"name": "Can add group", "content_type": 3, "codename": "add_group"}}, {"model": "auth.permission", "pk": 10, "fields": {"name": "Can change group", "content_type": 3, "codename": "change_group"}}, {"model": "auth.permission", "pk": 11, "fields": {"name": "Can delete group", "content_type": 3, "codename": "delete_group"}}, {"model": "auth.permission", "pk": 12, "fields": {"name": "Can view group", "content_type": 3, "codename": "view_group"}}, {"model": "auth.permission", "pk": 13, "fields": {"name": "Can add user", "content_type": 4, "codename": "add_user"}}, {"model": "auth.permission", "pk": 14, "fields": {"name": "Can change user", "content_type": 4, "codename": "change_user"}}, {"model": "auth.permission", "pk": 15, "fields": {"name": "Can delete user", "content_type": 4, "codename": "delete_user"}}, {"model": "auth.permission", "pk": 16, "fields": {"name": "Can view user", "content_type": 4, "codename": "view_user"}}, {"model": "auth.permission", "pk": 17, "fields": {"name": "Can add content type", "content_type": 5, "codename": "add_contenttype"}}, {"model": "auth.permission", "pk": 18, "fields": {"name": "Can change content type", "content_type": 5, "codename": "change_contenttype"}}, {"model": "auth.permission", "pk": 19, "fields": {"name": "Can delete content type", "content_type": 5, "codename": "delete_contenttype"}}, {"model": "auth.permission", "pk": 20, "fields": {"name": "Can view content type", "content_type": 5, "codename": "view_contenttype"}}, {"model": "auth.permission", "pk": 21, "fields": {"name": "Can add session", "content_type": 6, "codename": "add_session"}}, {"model": "auth.permission", "pk": 22, "fields": {"name": "Can change session", "content_type": 6, "codename": "change_session"}}, {"model": "auth.permission", "pk": 23, "fields": {"name": "Can delete session", "content_type": 6, "codename": "delete_session"}}, {"model": "auth.permission", "pk": 24, "fields": {"name": "Can view session", "content_type": 6, "codename": "view_session"}}, {"model": "auth.permission", "pk": 25, "fields": {"name": "Can add Token", "content_type": 7, "codename": "add_token"}}, {"model": "auth.permission", "pk": 26, "fields": {"name": "Can change Token", "content_type": 7, "codename": "change_token"}}, {"model": "auth.permission", "pk": 27, "fields": {"name": "Can delete Token", "content_type": 7, "codename": "delete_token"}}, {"model": "auth.permission", "pk": 28, "fields": {"name": "Can view Token", "content_type": 7, "codename": "view_token"}}, {"model": "auth.permission", "pk": 29, "fields": {"name": "Can add Token", "content_type": 8, "codename": "add_tokenproxy"}}, {"model": "auth.permission", "pk": 30, "fields": {"name": "Can change Token", "content_type": 8, "codename": "change_tokenproxy"}}, {"model": "auth.permission", "pk": 31, "fields": {"name": "Can delete Token", "content_type": 8, "codename": "delete_tokenproxy"}}, {"model": "auth.permission", "pk": 32, "fields": {"name": "Can view Token", "content_type": 8, "codename": "view_tokenproxy"}}, {"model": "auth.permission", "pk": 33, "fields": {"name": "Can add thread", "content_type": 9, "codename": "add_thread"}}, {"model": "auth.permission", "pk": 34, "fields": {"name": "Can change thread", "content_type": 9, "codename": "change_thread"}}, {"model": "auth.permission", "pk": 35, "fields": {"name": "Can delete thread", "content_type": 9, "codename": "delete_thread"}}, {"model": "auth.permission", "pk": 36, "fields": {"name": "Can view thread", "content_type": 9, "codename": "view_thread"}}, {"model": "auth.permission", "pk": 37, "fields": {"name": "Can add message", "content_type": 10, "codename": "add_message"}}, {"model": "auth.permission", "pk": 38, "fields": {"name": "Can change message", "content_type": 10, "codename": "change_message"}}, {"model": "auth.permission", "pk": 39, "fields": {"name": "Can delete message", "content_type": 10, "codename": "delete_message"}}, {"model": "auth.permission", "pk": 40, "fields": {"name": "Can view message", "content_type": 10, "codename": "view_message"}}, {"model": "auth.user", "pk": 1, "fields": {"password": "pbkdf2_sha256$1000000$kGGYM84KMAKdyJJ4xPs361$bkCR6xFxDOjNZwiGxRoiOctHOgeAOHW6bsFDl2uOEEw=", "last_login": "2025-06-28T18:57:21.211Z", "is_superuser": true, "username": "admin", "first_name": "", "last_name": "", "email": "", "is_staff": true, "is_active": true, "date_joined": "2025-06-28T18:57:00.300Z", "groups": [], "user_permissions": []}}, {"model": "auth.user", "pk": 2, "fields": {"password": "pbkdf2_sha256$1000000$R0rRPgrTKJ7J9XnRcNL51i$Baq9B2+cmtdbt0QEirT9mj6+qJ2EjNweOnDtWYEH8GE=", "last_login": null, "is_superuser": false, "username": "user0", "first_name": "", "last_name": "", "email": "", "is_staff": false, "is_active": true, "date_joined": "2025-06-28T18:59:11.825Z", "groups": [], "user_permissions": []}}, {"model": "auth.user", "pk": 3, "fields": {"password": "pbkdf2_sha256$1000000$iGlECBXNrP01xklFm4iLHD$dND/3n4rQh32b20+hvKJk05AQEqtqEtQwUmk08e3LPA=", "last_login": null, "is_superuser": false, "username": "user1", "first_name": "", "last_name": "", "email": "", "is_staff": false, "is_active": true, "date_joined": "2025-06-28T18:59:12.184Z", "groups": [], "user_permissions": []}}, {"model": "auth.user", "pk": 4, "fields": {"password": "pbkdf2_sha256$1000000$I81unrabrbum5nvroI5bYX$y/jm9nSMRSPnZhRQOukb3jkXoYaQrOayDzG3WQKA448=", "last_login": null, "is_superuser": false, "username": "user2", "first_name": "", "last_name": "", "email": "", "is_staff": false, "is_active": true, "date_joined": "2025-06-28T18:59:12.540Z", "groups": [], "user_permissions": []}}, {"model": "auth.user", "pk": 5, "fields": {"password": "pbkdf2_sha256$1000000$zK0Eatzezb5lACGEo5N429$J3aAD19fYJrp+3FAQbzd2nI0NY43wnG6yZv5N47oCOU=", "last_login": null, "is_superuser": false, "username": "user3", "first_name": "", "last_name": "", "email": "", "is_staff": false, "is_active": true, "date_joined": "2025-06-28T18:59:12.895Z", "groups": [], "user_permissions": []}}, {"model": "auth.user", "pk": 6, "fields": {"password": "pbkdf2_sha256$1000000$aNzb87dlvdLbLLWGUM71tj$cPxU0Xl3xcYhRzsZIn/WKmBBDr0lGlMxQTzpfZ6wUG0=", "last_login": null, "is_superuser": false, "username": "user4", "first_name": "", "last_name": "", "email": "", "is_staff": false, "is_active": true, "date_joined": "2025-06-28T18:59:13.248Z", "groups": [], "user_permissions": []}}, {"model": "contenttypes.contenttype", "pk": 1, "fields": {"app_label": "admin", "model": "logentry"}}, {"model": "contenttypes.contenttype", "pk": 2, "fields": {"app_label": "auth", "model": "permission"}}, {"model": "contenttypes.contenttype", "pk": 3, "fields": {"app_label": "auth", "model": "group"}}, {"model": "contenttypes.contenttype", "pk": 4, "fields": {"app_label": "auth", "model": "user"}}, {"model": "contenttypes.contenttype", "pk": 5, "fields": {"app_label": "contenttypes", "model": "contenttype"}}, {"model": "contenttypes.contenttype", "pk": 6, "fields": {"app_label": "sessions", "model": "session"}}, {"model": "contenttypes.contenttype", "pk": 7, "fields": {"app_label": "authtoken", "model": "token"}}, {"model": "contenttypes.contenttype", "pk": 8, "fields": {"app_label": "authtoken", "model": "tokenproxy"}}, {"model": "contenttypes.contenttype", "pk": 9, "fields": {"app_label": "chat", "model": "thread"}}, {"model": "contenttypes.contenttype", "pk": 10, "fields": {"app_label": "chat", "model": "message"}}, {"model": "sessions.session", "pk": "msq4hxlevtkkgufgh410k1mcrvuj2rkb", "fields": {"session_data": ".eJxVjEEOwiAQRe_C2hDGoUBduu8ZyMAMUjVtUtqV8e7apAvd_vfef6lI21rj1mSJI6uLAnX63RLlh0w74DtNt1nneVqXMeld0QdtephZntfD_Tuo1Oq3Fh8ALRikwK4X5xl6LoAM0BWbmBELOmMN2VA8OW9MB4JydrnPFkS9P8gyNzs:1uVajp:OhU94OelTEVrFQKqCF2e5_2mZjDb5aC-3QrykcplwXw", "expire_date": "2025-07-12T18:57:21.218Z"}}, {"model": "authtoken.token", "pk": "07191de925dc4a05b4f010d993f05c0bc9363a6b", "fields": {"user": 5, "created": "2025-06-28T19:00:51.586Z"}}, {"model": "authtoken.token", "pk": "82d9011111566af4c104e4f4942b00e4ea48f086", "fields": {"user": 2, "created": "2025-06-28T19:00:51.565Z"}}, {"model": "authtoken.token", "pk": "a8f2c1487a93343a9d740699603cdab913313a7e", "fields": {"user": 6, "created": "2025-06-28T19:00:51.593Z"}}, {"model": "authtoken.token", "pk": "c4f82b3452a98ec69accf37a56e48389d6047208", "fields": {"user": 1, "created": "2025-06-28T19:00:51.558Z"}}, {"model": "authtoken.token", "pk": "c67967f7e2d530b30ca6187336160f534df72e2a", "fields": {"user": 4, "created": "2025-06-28T19:00:51.579Z"}}, {"model": "authtoken.token", "pk": "ecb1117a2933eb4d25587f3c82c426b64b3cbd96", "fields": {"user": 3, "created": "2025-06-28T19:00:51.572Z"}}, {"model": "chat.thread", "pk": "07762bcf-b689-44bc-beda-60f19e36b2a6", "fields": {"created": "2025-06-28T19:01:47.255Z", "updated": "2025-06-28T19:01:47.255Z", "participants": [4, 5]}}, {"model": "chat.thread", "pk": "0858d2ae-2c9b-476e-ae9b-52b6b241ce5c", "fields": {"created": "2025-06-28T19:01:35.882Z", "updated": "2025-06-28T19:01:35.882Z", "participants": [2, 5]}}, {"model": "chat.thread", "pk": "3cff18f1-d049-43f3-9c69-fcc8948f66f6", "fields": {"created": "2025-06-28T19:01:42.584Z", "updated": "2025-06-28T19:01:42.584Z", "participants": [4, 6]}}, {"model": "chat.thread", "pk": "5e4a2651-9148-49d3-8a6d-1687af7a94d3", "fields": {"created": "2025-06-28T19:01:32.332Z", "updated": "2025-06-28T19:01:32.332Z", "participants": [2, 3]}}, {"model": "chat.thread", "pk": "7b0befd9-89b3-4e00-a03e-f6698e4f82cd", "fields": {"created": "2025-06-28T19:01:50.219Z", "updated": "2025-06-28T19:01:50.219Z", "participants": [2, 6]}}, {"model": "chat.thread", "pk": "ab0beb0b-c436-411f-a1f4-1dc3fccde9db", "fields": {"created": "2025-06-28T19:01:39.377Z", "updated": "2025-06-28T19:01:39.377Z", "participants": [2, 6]}}, {"model": "chat.message", "pk": 1, "fields": {"sender": 2, "thread": "7b0befd9-89b3-4e00-a03e-f6698e4f82cd", "text": "This is text message 1", "created": "2025-06-28T19:10:50.772Z", "is_read": true}}, {"model": "chat.message", "pk": 2, "fields": {"sender": 6, "thread": "7b0befd9-89b3-4e00-a03e-f6698e4f82cd", "text": "This is text message 2", "created": "2025-06-28T19:10:50.774Z", "is_read": false}}, {"model": "chat.message", "pk": 3, "fields": {"sender": 2, "thread": "7b0befd9-89b3-4e00-a03e-f6698e4f82cd", "text": "This is text message 3", "created": "2025-06-28T19:10:50.775Z", "is_read": true}}, {"model": "chat.message", "pk": 4, "fields": {"sender": 2, "thread": "7b0befd9-89b3-4e00-a03e-f6698e4f82cd", "text": "This is text message 4", "created": "2025-06-28T19:10:50.776Z", "is_read": false}}, {"model": "chat.message", "pk": 5, "fields": {"sender": 2, "thread": "7b0befd9-89b3-4e00-a03e-f6698e4f82cd", "text": "This is text message 5", "created": "2025-06-28T19:10:50.776Z", "is_read": false}}, {"model": "chat.message", "pk": 6, "fields": {"sender": 2, "thread": "7b0befd9-89b3-4e00-a03e-f6698e4f82cd", "text": "This is text message 6", "created": "2025-06-28T19:10:50.777Z", "is_read": true}}, {"model": "chat.message", "pk": 7, "fields": {"sender": 2, "thread": "7b0befd9-89b3-4e00-a03e-f6698e4f82cd", "text": "This is text message 7", "created": "2025-06-28T19:10:50.777Z", "is_read": true}}, {"model": "chat.message", "pk": 8, "fields": {"sender": 2, "thread": "7b0befd9-89b3-4e00-a03e-f6698e4f82cd", "text": "This is text message 8", "created": "2025-06-28T19:10:50.777Z", "is_read": true}}, {"model": "chat.message", "pk": 9, "fields": {"sender": 2, "thread": "7b0befd9-89b3-4e00-a03e-f6698e4f82cd", "text": "This is text message 9", "created": "2025-06-28T19:10:50.778Z", "is_read": true}}, {"model": "chat.message", "pk": 10, "fields": {"sender": 2, "thread": "7b0befd9-89b3-4e00-a03e-f6698e4f82cd", "text": "This is text message 10", "created": "2025-06-28T19:10:50.778Z", "is_read": false}}, {"model": "chat.message", "pk": 11, "fields": {"sender": 2, "thread": "7b0befd9-89b3-4e00-a03e-f6698e4f82cd", "text": "This is text message 11", "created": "2025-06-28T19:10:50.779Z", "is_read": true}}, {"model": "chat.message", "pk": 12, "fields": {"sender": 2, "thread": "7b0befd9-89b3-4e00-a03e-f6698e4f82cd", "text": "This is text message 12", "created": "2025-06-28T19:10:50.779Z", "is_read": false}}, {"model": "chat.message", "pk": 13, "fields": {"sender": 6, "thread": "7b0befd9-89b3-4e00-a03e-f6698e4f82cd", "text": "This is text message 13", "created": "2025-06-28T19:10:50.780Z", "is_read": true}}, {"model": "chat.message", "pk": 14, "fields": {"sender": 6, "thread": "7b0befd9-89b3-4e00-a03e-f6698e4f82cd", "text": "This is text message 14", "created": "2025-06-28T19:10:50.781Z", "is_read": false}}, {"model": "chat.message", "pk": 15, "fields": {"sender": 6, "thread": "7b0befd9-89b3-4e00-a03e-f6698e4f82cd", "text": "This is text message 15", "created": "2025-06-28T19:10:50.782Z", "is_read": true}}, {"model": "chat.message", "pk": 16, "fields": {"sender": 6, "thread": "7b0befd9-89b3-4e00-a03e-f6698e4f82cd", "text": "This is text message 16", "created": "2025-06-28T19:10:50.783Z", "is_read": true}}, {"model": "chat.message", "pk": 17, "fields": {"sender": 2, "thread": "7b0befd9-89b3-4e00-a03e-f6698e4f82cd", "text": "This is text message 17", "created": "2025-06-28T19:10:50.784Z", "is_read": true}}, {"model": "chat.message", "pk": 18, "fields": {"sender": 6, "thread": "7b0befd9-89b3-4e00-a03e-f6698e4f82cd", "text": "This is text message 18", "created": "2025-06-28T19:10:50.784Z", "is_read": false}}, {"model": "chat.message", "pk": 19, "fields": {"sender": 6, "thread": "7b0befd9-89b3-4e00-a03e-f6698e4f82cd", "text": "This is text message 19", "created": "2025-06-28T19:10:50.784Z", "is_read": true}}, {"model": "chat.message", "pk": 20, "fields": {"sender": 6, "thread": "7b0befd9-89b3-4e00-a03e-f6698e4f82cd", "text": "This is text message 20", "created": "2025-06-28T19:10:50.785Z", "is_read": false}}, {"model": "chat.message", "pk": 21, "fields": {"sender": 6, "thread": "7b0befd9-89b3-4e00-a03e-f6698e4f82cd", "text": "This is text message 21", "created": "2025-06-28T19:10:50.786Z", "is_read": true}}, {"model": "chat.message", "pk": 22, "fields": {"sender": 6, "thread": "7b0befd9-89b3-4e00-a03e-f6698e4f82cd", "text": "This is text message 22", "created": "2025-06-28T19:10:50.786Z", "is_read": true}}, {"model": "chat.message", "pk": 23, "fields": {"sender": 6, "thread": "7b0befd9-89b3-4e00-a03e-f6698e4f82cd", "text": "This is text message 23", "created": "2025-06-28T19:10:50.787Z", "is_read": false}}, {"model": "chat.message", "pk": 24, "fields": {"sender": 6, "thread": "7b0befd9-89b3-4e00-a03e-f6698e4f82cd", "text": "This is text message 24", "created": "2025-06-28T19:10:50.787Z", "is_read": true}}, {"model": "chat.message", "pk": 25, "fields": {"sender": 6, "thread": "7b0befd9-89b3-4e00-a03e-f6698e4f82cd", "text": "This is text message 25", "created": "2025-06-28T19:10:50.788Z", "is_read": false}}, {"model": "chat.message", "pk": 26, "fields": {"sender": 2, "thread": "7b0befd9-89b3-4e00-a03e-f6698e4f82cd", "text": "This is text message 26", "created": "2025-06-28T19:10:50.788Z", "is_read": false}}, {"model": "chat.message", "pk": 27, "fields": {"sender": 6, "thread": "7b0befd9-89b3-4e00-a03e-f6698e4f82cd", "text": "This is text message 27", "created": "2025-06-28T19:10:50.789Z", "is_read": true}}, {"model": "chat.message", "pk": 28, "fields": {"sender": 2, "thread": "7b0befd9-89b3-4e00-a03e-f6698e4f82cd", "text": "This is text message 28", "created": "2025-06-28T19:10:50.790Z", "is_read": false}}, {"model": "chat.message", "pk": 29, "fields": {"sender": 6, "thread": "7b0befd9-89b3-4e00-a03e-f6698e4f82cd", "text": "This is text message 29", "created": "2025-06-28T19:10:50.790Z", "is_read": false}}, {"model": "chat.message", "pk": 30, "fields": {"sender": 2, "thread": "7b0befd9-89b3-4e00-a03e-f6698e4f82cd", "text": "This is text message 30", "created": "2025-06-28T19:10:50.791Z", "is_read": false}}, {"model": "chat.message", "pk": 31, "fields": {"sender": 2, "thread": "7b0befd9-89b3-4e00-a03e-f6698e4f82cd", "text": "This is text message 31", "created": "2025-06-28T19:10:50.791Z", "is_read": true}}, {"model": "chat.message", "pk": 32, "fields": {"sender": 2, "thread": "7b0befd9-89b3-4e00-a03e-f6698e4f82cd", "text": "This is text message 32", "created": "2025-06-28T19:10:50.792Z", "is_read": true}}, {"model": "chat.message", "pk": 33, "fields": {"sender": 2, "thread": "7b0befd9-89b3-4e00-a03e-f6698e4f82cd", "text": "This is text message 33", "created": "2025-06-28T19:10:50.792Z", "is_read": false}}, {"model": "chat.message", "pk": 34, "fields": {"sender": 2, "thread": "7b0befd9-89b3-4e00-a03e-f6698e4f82cd", "text": "This is text message 34", "created": "2025-06-28T19:10:50.793Z", "is_read": false}}, {"model": "chat.message", "pk": 35, "fields": {"sender": 6, "thread": "7b0befd9-89b3-4e00-a03e-f6698e4f82cd", "text": "This is text message 35", "created": "2025-06-28T19:10:50.793Z", "is_read": true}}, {"model": "chat.message", "pk": 36, "fields": {"sender": 2, "thread": "7b0befd9-89b3-4e00-a03e-f6698e4f82cd", "text": "This is text message 36", "created": "2025-06-28T19:10:50.794Z", "is_read": false}}, {"model": "chat.message", "pk": 37, "fields": {"sender": 6, "thread": "7b0befd9-89b3-4e00-a03e-f6698e4f82cd", "text": "This is text message 37", "created": "2025-06-28T19:10:50.794Z", "is_read": false}}, {"model": "chat.message", "pk": 38, "fields": {"sender": 6, "thread": "7b0befd9-89b3-4e00-a03e-f6698e4f82cd", "text": "This is text message 38", "created": "2025-06-28T19:10:50.795Z", "is_read": false}}, {"model": "chat.message", "pk": 39, "fields": {"sender": 2, "thread": "7b0befd9-89b3-4e00-a03e-f6698e4f82cd", "text": "This is text message 39", "created": "2025-06-28T19:10:50.795Z", "is_read": false}}, {"model": "chat.message", "pk": 40, "fields": {"sender": 6, "thread": "7b0befd9-89b3-4e00-a03e-f6698e4f82cd", "text": "This is text message 40", "created": "2025-06-28T19:10:50.796Z", "is_read": false}}, {"model": "chat.message", "pk": 41, "fields": {"sender": 6, "thread": "7b0befd9-89b3-4e00-a03e-f6698e4f82cd", "text": "This is text message 41", "created": "2025-06-28T19:10:50.797Z", "is_read": false}}, {"model": "chat.message", "pk": 42, "fields": {"sender": 2, "thread": "7b0befd9-89b3-4e00-a03e-f6698e4f82cd", "text": "This is text message 42", "created": "2025-06-28T19:10:50.797Z", "is_read": false}}, {"model": "chat.message", "pk": 43, "fields": {"sender": 2, "thread": "7b0befd9-89b3-4e00-a03e-f6698e4f82cd", "text": "This is text message 43", "created": "2025-06-28T19:10:50.798Z", "is_read": false}}, {"model": "chat.message", "pk": 44, "fields": {"sender": 6, "thread": "7b0befd9-89b3-4e00-a03e-f6698e4f82cd", "text": "This is text message 44", "created": "2025-06-28T19:10:50.798Z", "is_read": true}}, {"model": "chat.message", "pk": 45, "fields": {"sender": 6, "thread": "7b0befd9-89b3-4e00-a03e-f6698e4f82cd", "text": "This is text message 45", "created": "2025-06-28T19:10:50.799Z", "is_read": false}}, {"model": "chat.message", "pk": 46, "fields": {"sender": 2, "thread": "7b0befd9-89b3-4e00-a03e-f6698e4f82cd", "text": "This is text message 46", "created": "2025-06-28T19:10:50.799Z", "is_read": true}}, {"model": "chat.message", "pk": 47, "fields": {"sender": 2, "thread": "7b0befd9-89b3-4e00-a03e-f6698e4f82cd", "text": "This is text message 47", "created": "2025-06-28T19:10:50.800Z", "is_read": true}}, {"model": "chat.message", "pk": 48, "fields": {"sender": 6, "thread": "7b0befd9-89b3-4e00-a03e-f6698e4f82cd", "text": "This is text message 48", "created": "2025-06-28T19:10:50.800Z", "is_read": true}}, {"model": "chat.message", "pk": 49, "fields": {"sender": 6, "thread": "7b0befd9-89b3-4e00-a03e-f6698e4f82cd", "text": "This is text message 49", "created": "2025-06-28T19:10:50.801Z", "is_read": true}}, {"model": "chat.message", "pk": 50, "fields": {"sender": 2, "thread": "7b0befd9-89b3-4e00-a03e-f6698e4f82cd", "text": "This is text message 50", "created": "2025-06-28T19:10:50.801Z", "is_read": true}}, {"model": "chat.message", "pk": 51, "fields": {"sender": 2, "thread": "7b0befd9-89b3-4e00-a03e-f6698e4f82cd", "text": "This is text message 51", "created": "2025-06-28T19:10:50.801Z", "is_read": false}}, {"model": "chat.message", "pk": 52, "fields": {"sender": 2, "thread": "7b0befd9-89b3-4e00-a03e-f6698e4f82cd", "text": "This is text message 52", "created": "2025-06-28T19:10:50.802Z", "is_read": true}}, {"model": "chat.message", "pk": 53, "fields": {"sender": 6, "thread": "7b0befd9-89b3-4e00-a03e-f6698e4f82cd", "text": "This is text message 53", "created": "2025-06-28T19:10:50.802Z", "is_read": true}}, {"model": "chat.message", "pk": 54, "fields": {"sender": 6, "thread": "7b0befd9-89b3-4e00-a03e-f6698e4f82cd", "text": "This is text message 54", "created": "2025-06-28T19:10:50.803Z", "is_read": false}}, {"model": "chat.message", "pk": 55, "fields": {"sender": 2, "thread": "7b0befd9-89b3-4e00-a03e-f6698e4f82cd", "text": "This is text message 55", "created": "2025-06-28T19:10:50.803Z", "is_read": true}}, {"model": "chat.message", "pk": 56, "fields": {"sender": 6, "thread": "7b0befd9-89b3-4e00-a03e-f6698e4f82cd", "text": "This is text message 56", "created": "2025-06-28T19:10:50.803Z", "is_read": false}}, {"model": "chat.message", "pk": 57, "fields": {"sender": 6, "thread": "7b0befd9-89b3-4e00-a03e-f6698e4f82cd", "text": "This is text message 57", "created": "2025-06-28T19:10:50.804Z", "is_read": true}}, {"model": "chat.message", "pk": 58, "fields": {"sender": 6, "thread": "7b0befd9-89b3-4e00-a03e-f6698e4f82cd", "text": "This is text message 58", "created": "2025-06-28T19:10:50.804Z", "is_read": false}}, {"model": "chat.message", "pk": 59, "fields": {"sender": 2, "thread": "7b0befd9-89b3-4e00-a03e-f6698e4f82cd", "text": "This is text message 59", "created": "2025-06-28T19:10:50.804Z", "is_read": false}}, {"model": "chat.message", "pk": 60, "fields": {"sender": 2, "thread": "7b0befd9-89b3-4e00-a03e-f6698e4f82cd", "text": "This is text message 60", "created": "2025-06-28T19:10:50.805Z", "is_read": true}}, {"model": "chat.message", "pk": 61, "fields": {"sender": 2, "thread": "7b0befd9-89b3-4e00-a03e-f6698e4f82cd", "text": "This is text message 61", "created": "2025-06-28T19:10:50.805Z", "is_read": false}}, {"model": "chat.message", "pk": 62, "fields": {"sender": 6, "thread": "7b0befd9-89b3-4e00-a03e-f6698e4f82cd", "text": "This is text message 62", "created": "2025-06-28T19:10:50.806Z", "is_read": true}}, {"model": "chat.message", "pk": 63, "fields": {"sender": 6, "thread": "7b0befd9-89b3-4e00-a03e-f6698e4f82cd", "text": "This is text message 63", "created": "2025-06-28T19:10:50.806Z", "is_read": true}}, {"model": "chat.message", "pk": 64, "fields": {"sender": 2, "thread": "7b0befd9-89b3-4e00-a03e-f6698e4f82cd", "text": "This is text message 64", "created": "2025-06-28T19:10:50.807Z", "is_read": true}}, {"model": "chat.message", "pk": 65, "fields": {"sender": 2, "thread": "7b0befd9-89b3-4e00-a03e-f6698e4f82cd", "text": "This is text message 65", "created": "2025-06-28T19:10:50.807Z", "is_read": true}}, {"model": "chat.message", "pk": 66, "fields": {"sender": 2, "thread": "7b0befd9-89b3-4e00-a03e-f6698e4f82cd", "text": "This is text message 66", "created": "2025-06-28T19:10:50.807Z", "is_read": false}}, {"model": "chat.message", "pk": 67, "fields": {"sender": 2, "thread": "7b0befd9-89b3-4e00-a03e-f6698e4f82cd", "text": "This is text message 67", "created": "2025-06-28T19:10:50.808Z", "is_read": true}}, {"model": "chat.message", "pk": 68, "fields": {"sender": 2, "thread": "7b0befd9-89b3-4e00-a03e-f6698e4f82cd", "text": "This is text message 68", "created": "2025-06-28T19:10:50.808Z", "is_read": true}}, {"model": "chat.message", "pk": 69, "fields": {"sender": 2, "thread": "7b0befd9-89b3-4e00-a03e-f6698e4f82cd", "text": "This is text message 69", "created": "2025-06-28T19:10:50.808Z", "is_read": true}}, {"model": "chat.message", "pk": 70, "fields": {"sender": 6, "thread": "7b0befd9-89b3-4e00-a03e-f6698e4f82cd", "text": "This is text message 70", "created": "2025-06-28T19:10:50.809Z", "is_read": true}}, {"model": "chat.message", "pk": 71, "fields": {"sender": 6, "thread": "7b0befd9-89b3-4e00-a03e-f6698e4f82cd", "text": "This is text message 71", "created": "2025-06-28T19:10:50.809Z", "is_read": false}}, {"model": "chat.message", "pk": 72, "fields": {"sender": 6, "thread": "7b0befd9-89b3-4e00-a03e-f6698e4f82cd", "text": "This is text message 72", "created": "2025-06-28T19:10:50.809Z", "is_read": false}}, {"model": "chat.message", "pk": 73, "fields": {"sender": 2, "thread": "7b0befd9-89b3-4e00-a03e-f6698e4f82cd", "text": "This is text message 73", "created": "2025-06-28T19:10:50.810Z", "is_read": false}}, {"model": "chat.message", "pk": 74, "fields": {"sender": 6, "thread": "7b0befd9-89b3-4e00-a03e-f6698e4f82cd", "text": "This is text message 74", "created": "2025-06-28T19:10:50.810Z", "is_read": true}}, {"model": "chat.message", "pk": 75, "fields": {"sender": 2, "thread": "7b0befd9-89b3-4e00-a03e-f6698e4f82cd", "text": "This is text message 75", "created": "2025-06-28T19:10:50.810Z", "is_read": false}}, {"model": "chat.message", "pk": 76, "fields": {"sender": 2, "thread": "7b0befd9-89b3-4e00-a03e-f6698e4f82cd", "text": "This is text message 76", "created": "2025-06-28T19:10:50.811Z", "is_read": false}}, {"model": "chat.message", "pk": 77, "fields": {"sender": 6, "thread": "7b0befd9-89b3-4e00-a03e-f6698e4f82cd", "text": "This is text message 77", "created": "2025-06-28T19:10:50.811Z", "is_read": false}}, {"model": "chat.message", "pk": 78, "fields": {"sender": 2, "thread": "7b0befd9-89b3-4e00-a03e-f6698e4f82cd", "text": "This is text message 78", "created": "2025-06-28T19:10:50.811Z", "is_read": false}}, {"model": "chat.message", "pk": 79, "fields": {"sender": 2, "thread": "7b0befd9-89b3-4e00-a03e-f6698e4f82cd", "text": "This is text message 79", "created": "2025-06-28T19:10:50.812Z", "is_read": false}}, {"model": "chat.message", "pk": 80, "fields": {"sender": 6, "thread": "7b0befd9-89b3-4e00-a03e-f6698e4f82cd", "text": "This is text message 80", "created": "2025-06-28T19:10:50.812Z", "is_read": true}}, {"model": "chat.message", "pk": 81, "fields": {"sender": 6, "thread": "7b0befd9-89b3-4e00-a03e-f6698e4f82cd", "text": "This is text message 81", "created": "2025-06-28T19:10:50.813Z", "is_read": false}}, {"model": "chat.message", "pk": 82, "fields": {"sender": 6, "thread": "7b0befd9-89b3-4e00-a03e-f6698e4f82cd", "text": "This is text message 82", "created": "2025-06-28T19:10:50.813Z", "is_read": true}}, {"model": "chat.message", "pk": 83, "fields": {"sender": 2, "thread": "7b0befd9-89b3-4e00-a03e-f6698e4f82cd", "text": "This is text message 83", "created": "2025-06-28T19:10:50.817Z", "is_read": true}}, {"model": "chat.message", "pk": 84, "fields": {"sender": 2, "thread": "7b0befd9-89b3-4e00-a03e-f6698e4f82cd", "text": "This is text message 84", "created": "2025-06-28T19:10:50.817Z", "is_read": true}}, {"model": "chat.message", "pk": 85, "fields": {"sender": 2, "thread": "7b0befd9-89b3-4e00-a03e-f6698e4f82cd", "text": "This is text message 85", "created": "2025-06-28T19:10:50.817Z", "is_read": false}}, {"model": "chat.message", "pk": 86, "fields": {"sender": 2, "thread": "7b0befd9-89b3-4e00-a03e-f6698e4f82cd", "text": "This is text message 86", "created": "2025-06-28T19:10:50.818Z", "is_read": true}}, {"model": "chat.message", "pk": 87, "fields": {"sender": 6, "thread": "7b0befd9-89b3-4e00-a03e-f6698e4f82cd", "text": "This is text message 87", "created": "2025-06-28T19:10:50.818Z", "is_read": false}}, {"model": "chat.message", "pk": 88, "fields": {"sender": 6, "thread": "7b0befd9-89b3-4e00-a03e-f6698e4f82cd", "text": "This is text message 88", "created": "2025-06-28T19:10:50.819Z", "is_read": false}}, {"model": "chat.message", "pk": 89, "fields": {"sender": 2, "thread": "7b0befd9-89b3-4e00-a03e-f6698e4f82cd", "text": "This is text message 89", "created": "2025-06-28T19:10:50.819Z", "is_read": true}}, {"model": "chat.message", "pk": 90, "fields": {"sender": 6, "thread": "7b0befd9-89b3-4e00-a03e-f6698e4f82cd", "text": "This is text message 90", "created": "2025-06-28T19:10:50.819Z", "is_read": true}}, {"model": "chat.message", "pk": 91, "fields": {"sender": 2, "thread": "7b0befd9-89b3-4e00-a03e-f6698e4f82cd", "text": "This is text message 91", "created": "2025-06-28T19:10:50.820Z", "is_read": false}}, {"model": "chat.message", "pk": 92, "fields": {"sender": 2, "thread": "7b0befd9-89b3-4e00-a03e-f6698e4f82cd", "text": "This is text message 92", "created": "2025-06-28T19:10:50.820Z", "is_read": true}}, {"model": "chat.message", "pk": 93, "fields": {"sender": 6, "thread": "7b0befd9-89b3-4e00-a03e-f6698e4f82cd", "text": "This is text message 93", "created": "2025-06-28T19:10:50.820Z", "is_read": true}}, {"model": "chat.message", "pk": 94, "fields": {"sender": 6, "thread": "7b0befd9-89b3-4e00-a03e-f6698e4f82cd", "text": "This is text message 94", "created": "2025-06-28T19:10:50.821Z", "is_read": true}}, {"model": "chat.message", "pk": 95, "fields": {"sender": 6, "thread": "7b0befd9-89b3-4e00-a03e-f6698e4f82cd", "text": "This is text message 95", "created": "2025-06-28T19:10:50.821Z", "is_read": false}}, {"model": "chat.message", "pk": 96, "fields": {"sender": 2, "thread": "7b0befd9-89b3-4e00-a03e-f6698e4f82cd", "text": "This is text message 96", "created": "2025-06-28T19:10:50.821Z", "is_read": false}}, {"model": "chat.message", "pk": 97, "fields": {"sender": 6, "thread": "7b0befd9-89b3-4e00-a03e-f6698e4f82cd", "text": "This is text message 97", "created": "2025-06-28T19:10:50.822Z", "is_read": false}}, {"model": "chat.message", "pk": 98, "fields": {"sender": 2, "thread": "7b0befd9-89b3-4e00-a03e-f6698e4f82cd", "text": "This is text message 98", "created": "2025-06-28T19:10:50.822Z", "is_read": true}}, {"model": "chat.message", "pk": 99, "fields": {"sender": 2, "thread": "7b0befd9-89b3-4e00-a03e-f6698e4f82cd", "text": "This is text message 99", "created": "2025-06-28T19:10:50.822Z", "is_read": true}}, {"model": "chat.message", "pk": 100, "fields": {"sender": 6, "thread": "7b0befd9-89b3-4e00-a03e-f6698e4f82cd", "text": "This is text message 100", "created": "2025-06-28T19:10:50.823Z", "is_read": false}}, {"model": "chat.message", "pk": 301, "fields": {"sender": 4, "thread": "07762bcf-b689-44bc-beda-60f19e36b2a6", "text": "This is text message 1", "created": "2025-06-28T19:15:16.498Z", "is_read": false}}, {"model": "chat.message", "pk": 302, "fields": {"sender": 5, "thread": "07762bcf-b689-44bc-beda-60f19e36b2a6", "text": "This is text message 2", "created": "2025-06-28T19:15:16.498Z", "is_read": false}}, {"model": "chat.message", "pk": 303, "fields": {"sender": 5, "thread": "07762bcf-b689-44bc-beda-60f19e36b2a6", "text": "This is text message 3", "created": "2025-06-28T19:15:16.499Z", "is_read": true}}, {"model": "chat.message", "pk": 304, "fields": {"sender": 5, "thread": "07762bcf-b689-44bc-beda-60f19e36b2a6", "text": "This is text message 4", "created": "2025-06-28T19:15:16.499Z", "is_read": true}}, {"model": "chat.message", "pk": 305, "fields": {"sender": 4, "thread": "07762bcf-b689-44bc-beda-60f19e36b2a6", "text": "This is text message 5", "created": "2025-06-28T19:15:16.500Z", "is_read": true}}, {"model": "chat.message", "pk": 306, "fields": {"sender": 4, "thread": "07762bcf-b689-44bc-beda-60f19e36b2a6", "text": "This is text message 6", "created": "2025-06-28T19:15:16.500Z", "is_read": true}}, {"model": "chat.message", "pk": 307, "fields": {"sender": 5, "thread": "07762bcf-b689-44bc-beda-60f19e36b2a6", "text": "This is text message 7", "created": "2025-06-28T19:15:16.500Z", "is_read": false}}, {"model": "chat.message", "pk": 308, "fields": {"sender": 4, "thread": "07762bcf-b689-44bc-beda-60f19e36b2a6", "text": "This is text message 8", "created": "2025-06-28T19:15:16.500Z", "is_read": false}}, {"model": "chat.message", "pk": 309, "fields": {"sender": 5, "thread": "07762bcf-b689-44bc-beda-60f19e36b2a6", "text": "This is text message 9", "created": "2025-06-28T19:15:16.501Z", "is_read": true}}, {"model": "chat.message", "pk": 310, "fields": {"sender": 4, "thread": "07762bcf-b689-44bc-beda-60f19e36b2a6", "text": "This is text message 10", "created": "2025-06-28T19:15:16.501Z", "is_read": true}}, {"model": "chat.message", "pk": 311, "fields": {"sender": 5, "thread": "07762bcf-b689-44bc-beda-60f19e36b2a6", "text": "This is text message 11", "created": "2025-06-28T19:15:16.501Z", "is_read": true}}, {"model": "chat.message", "pk": 312, "fields": {"sender": 5, "thread": "07762bcf-b689-44bc-beda-60f19e36b2a6", "text": "This is text message 12", "created": "2025-06-28T19:15:16.502Z", "is_read": true}}, {"model": "chat.message", "pk": 313, "fields": {"sender": 4, "thread": "07762bcf-b689-44bc-beda-60f19e36b2a6", "text": "This is text message 13", "created": "2025-06-28T19:15:16.502Z", "is_read": false}}, {"model": "chat.message", "pk": 314, "fields": {"sender": 4, "thread": "07762bcf-b689-44bc-beda-60f19e36b2a6", "text": "This is text message 14", "created": "2025-06-28T19:15:16.502Z", "is_read": false}}, {"model": "chat.message", "pk": 315, "fields": {"sender": 4, "thread": "07762bcf-b689-44bc-beda-60f19e36b2a6", "text": "This is text message 15", "created": "2025-06-28T19:15:16.503Z", "is_read": true}}, {"model": "chat.message", "pk": 316, "fields": {"sender": 4, "thread": "07762bcf-b689-44bc-beda-60f19e36b2a6", "text": "This is text message 16", "created": "2025-06-28T19:15:16.503Z", "is_read": true}}, {"model": "chat.message", "pk": 317, "fields": {"sender": 4, "thread": "07762bcf-b689-44bc-beda-60f19e36b2a6", "text": "This is text message 17", "created": "2025-06-28T19:15:16.503Z", "is_read": true}}, {"model": "chat.message", "pk": 318, "fields": {"sender": 5, "thread": "07762bcf-b689-44bc-beda-60f19e36b2a6", "text": "This is text message 18", "created": "2025-06-28T19:15:16.504Z", "is_read": false}}, {"model": "chat.message", "pk": 319, "fields": {"sender": 5, "thread": "07762bcf-b689-44bc-beda-60f19e36b2a6", "text": "This is text message 19", "created": "2025-06-28T19:15:16.504Z", "is_read": false}}, {"model": "chat.message", "pk": 320, "fields": {"sender": 5, "thread": "07762bcf-b689-44bc-beda-60f19e36b2a6", "text": "This is text message 20", "created": "2025-06-28T19:15:16.504Z", "is_read": true}}, {"model": "chat.message", "pk": 321, "fields": {"sender": 4, "thread": "07762bcf-b689-44bc-beda-60f19e36b2a6", "text": "This is text message 21", "created": "2025-06-28T19:15:16.505Z", "is_read": false}}, {"model": "chat.message", "pk": 322, "fields": {"sender": 4, "thread": "07762bcf-b689-44bc-beda-60f19e36b2a6", "text": "This is text message 22", "created": "2025-06-28T19:15:16.505Z", "is_read": true}}, {"model": "chat.message", "pk": 323, "fields": {"sender": 5, "thread": "07762bcf-b689-44bc-beda-60f19e36b2a6", "text": "This is text message 23", "created": "2025-06-28T19:15:16.505Z", "is_read": false}}, {"model": "chat.message", "pk": 324, "fields": {"sender": 4, "thread": "07762bcf-b689-44bc-beda-60f19e36b2a6", "text": "This is text message 24", "created": "2025-06-28T19:15:16.506Z", "is_read": false}}, {"model": "chat.message", "pk": 325, "fields": {"sender": 4, "thread": "07762bcf-b689-44bc-beda-60f19e36b2a6", "text": "This is text message 25", "created": "2025-06-28T19:15:16.506Z", "is_read": true}}, {"model": "chat.message", "pk": 326, "fields": {"sender": 4, "thread": "07762bcf-b689-44bc-beda-60f19e36b2a6", "text": "This is text message 26", "created": "2025-06-28T19:15:16.506Z", "is_read": true}}, {"model": "chat.message", "pk": 327, "fields": {"sender": 4, "thread": "07762bcf-b689-44bc-beda-60f19e36b2a6", "text": "This is text message 27", "created": "2025-06-28T19:15:16.507Z", "is_read": true}}, {"model": "chat.message", "pk": 328, "fields": {"sender": 5, "thread": "07762bcf-b689-44bc-beda-60f19e36b2a6", "text": "This is text message 28", "created": "2025-06-28T19:15:16.507Z", "is_read": false}}, {"model": "chat.message", "pk": 329, "fields": {"sender": 4, "thread": "07762bcf-b689-44bc-beda-60f19e36b2a6", "text": "This is text message 29", "created": "2025-06-28T19:15:16.507Z", "is_read": true}}, {"model": "chat.message", "pk": 330, "fields": {"sender": 4, "thread": "07762bcf-b689-44bc-beda-60f19e36b2a6", "text": "This is text message 30", "created": "2025-06-28T19:15:16.508Z", "is_read": false}}, {"model": "chat.message", "pk": 331, "fields": {"sender": 5, "thread": "07762bcf-b689-44bc-beda-60f19e36b2a6", "text": "This is text message 31", "created": "2025-06-28T19:15:16.508Z", "is_read": true}}, {"model": "chat.message", "pk": 332, "fields": {"sender": 5, "thread": "07762bcf-b689-44bc-beda-60f19e36b2a6", "text": "This is text message 32", "created": "2025-06-28T19:15:16.508Z", "is_read": false}}, {"model": "chat.message", "pk": 333, "fields": {"sender": 5, "thread": "07762bcf-b689-44bc-beda-60f19e36b2a6", "text": "This is text message 33", "created": "2025-06-28T19:15:16.509Z", "is_read": true}}, {"model": "chat.message", "pk": 334, "fields": {"sender": 5, "thread": "07762bcf-b689-44bc-beda-60f19e36b2a6", "text": "This is text message 34", "created": "2025-06-28T19:15:16.509Z", "is_read": false}}, {"model": "chat.message", "pk": 335, "fields": {"sender": 5, "thread": "07762bcf-b689-44bc-beda-60f19e36b2a6", "text": "This is text message 35", "created": "2025-06-28T19:15:16.509Z", "is_read": true}}, {"model": "chat.message", "pk": 336, "fields": {"sender": 5, "thread": "07762bcf-b689-44bc-beda-60f19e36b2a6", "text": "This is text message 36", "created": "2025-06-28T19:15:16.510Z", "is_read": true}}, {"model": "chat.message", "pk": 337, "fields": {"sender": 5, "thread": "07762bcf-b689-44bc-beda-60f19e36b2a6", "text": "This is text message 37", "created": "2025-06-28T19:15:16.510Z", "is_read": true}}, {"model": "chat.message", "pk": 338, "fields": {"sender": 4, "thread": "07762bcf-b689-44bc-beda-60f19e36b2a6", "text": "This is text message 38", "created": "2025-06-28T19:15:16.510Z", "is_read": true}}, {"model": "chat.message", "pk": 339, "fields": {"sender": 4, "thread": "07762bcf-b689-44bc-beda-60f19e36b2a6", "text": "This is text message 39", "created": "2025-06-28T19:15:16.511Z", "is_read": true}}, {"model": "chat.message", "pk": 340, "fields": {"sender": 4, "thread": "07762bcf-b689-44bc-beda-60f19e36b2a6", "text": "This is text message 40", "created": "2025-06-28T19:15:16.511Z", "is_read": true}}, {"model": "chat.message", "pk": 341, "fields": {"sender": 4, "thread": "07762bcf-b689-44bc-beda-60f19e36b2a6", "text": "This is text message 41", "created": "2025-06-28T19:15:16.511Z", "is_read": false}}, {"model": "chat.message", "pk": 342, "fields": {"sender": 4, "thread": "07762bcf-b689-44bc-beda-60f19e36b2a6", "text": "This is text message 42", "created": "2025-06-28T19:15:16.511Z", "is_read": false}}, {"model": "chat.message", "pk": 343, "fields": {"sender": 5, "thread": "07762bcf-b689-44bc-beda-60f19e36b2a6", "text": "This is text message 43", "created": "2025-06-28T19:15:16.512Z", "is_read": true}}, {"model": "chat.message", "pk": 344, "fields": {"sender": 4, "thread": "07762bcf-b689-44bc-beda-60f19e36b2a6", "text": "This is text message 44", "created": "2025-06-28T19:15:16.512Z", "is_read": false}}, {"model": "chat.message", "pk": 345, "fields": {"sender": 4, "thread": "07762bcf-b689-44bc-beda-60f19e36b2a6", "text": "This is text message 45", "created": "2025-06-28T19:15:16.512Z", "is_read": false}}, {"model": "chat.message", "pk": 346, "fields": {"sender": 5, "thread": "07762bcf-b689-44bc-beda-60f19e36b2a6", "text": "This is text message 46", "created": "2025-06-28T19:15:16.513Z", "is_read": false}}, {"model": "chat.message", "pk": 347, "fields": {"sender": 5, "thread": "07762bcf-b689-44bc-beda-60f19e36b2a6", "text": "This is text message 47", "created": "2025-06-28T19:15:16.513Z", "is_read": true}}, {"model": "chat.message", "pk": 348, "fields": {"sender": 5, "thread": "07762bcf-b689-44bc-beda-60f19e36b2a6", "text": "This is text message 48", "created": "2025-06-28T19:15:16.513Z", "is_read": true}}, {"model": "chat.message", "pk": 349, "fields": {"sender": 4, "thread": "07762bcf-b689-44bc-beda-60f19e36b2a6", "text": "This is text message 49", "created": "2025-06-28T19:15:16.514Z", "is_read": true}}, {"model": "chat.message", "pk": 350, "fields": {"sender": 5, "thread": "07762bcf-b689-44bc-beda-60f19e36b2a6", "text": "This is text message 50", "created": "2025-06-28T19:15:16.514Z", "is_read": false}}, {"model": "chat.message", "pk": 351, "fields": {"sender": 5, "thread": "07762bcf-b689-44bc-beda-60f19e36b2a6", "text": "This is text message 51", "created": "2025-06-28T19:15:16.514Z", "is_read": true}}, {"model": "chat.message", "pk": 352, "fields": {"sender": 4, "thread": "07762bcf-b689-44bc-beda-60f19e36b2a6", "text": "This is text message 52", "created": "2025-06-28T19:15:16.514Z", "is_read": false}}, {"model": "chat.message", "pk": 353, "fields": {"sender": 5, "thread": "07762bcf-b689-44bc-beda-60f19e36b2a6", "text": "This is text message 53", "created": "2025-06-28T19:15:16.515Z", "is_read": false}}, {"model": "chat.message", "pk": 354, "fields": {"sender": 4, "thread": "07762bcf-b689-44bc-beda-60f19e36b2a6", "text": "This is text message 54", "created": "2025-06-28T19:15:16.515Z", "is_read": true}}, {"model": "chat.message", "pk": 355, "fields": {"sender": 5, "thread": "07762bcf-b689-44bc-beda-60f19e36b2a6", "text": "This is text message 55", "created": "2025-06-28T19:15:16.515Z", "is_read": true}}, {"model": "chat.message", "pk": 356, "fields": {"sender": 5, "thread": "07762bcf-b689-44bc-beda-60f19e36b2a6", "text": "This is text message 56", "created": "2025-06-28T19:15:16.516Z", "is_read": false}}, {"model": "chat.message", "pk": 357, "fields": {"sender": 5, "thread": "07762bcf-b689-44bc-beda-60f19e36b2a6", "text": "This is text message 57", "created": "2025-06-28T19:15:16.516Z", "is_read": false}}, {"model": "chat.message", "pk": 358, "fields": {"sender": 4, "thread": "07762bcf-b689-44bc-beda-60f19e36b2a6", "text": "This is text message 58", "created": "2025-06-28T19:15:16.516Z", "is_read": false}}, {"model": "chat.message", "pk": 359, "fields": {"sender": 5, "thread": "07762bcf-b689-44bc-beda-60f19e36b2a6", "text": "This is text message 59", "created": "2025-06-28T19:15:16.517Z", "is_read": false}}, {"model": "chat.message", "pk": 360, "fields": {"sender": 5, "thread": "07762bcf-b689-44bc-beda-60f19e36b2a6", "text": "This is text message 60", "created": "2025-06-28T19:15:16.517Z", "is_read": true}}, {"model": "chat.message", "pk": 361, "fields": {"sender": 5, "thread": "07762bcf-b689-44bc-beda-60f19e36b2a6", "text": "This is text message 61", "created": "2025-06-28T19:15:16.517Z", "is_read": false}}, {"model": "chat.message", "pk": 362, "fields": {"sender": 5, "thread": "07762bcf-b689-44bc-beda-60f19e36b2a6", "text": "This is text message 62", "created": "2025-06-28T19:15:16.518Z", "is_read": true}}, {"model": "chat.message", "pk": 363, "fields": {"sender": 5, "thread": "07762bcf-b689-44bc-beda-60f19e36b2a6", "text": "This is text message 63", "created": "2025-06-28T19:15:16.518Z", "is_read": true}}, {"model": "chat.message", "pk": 364, "fields": {"sender": 4, "thread": "07762bcf-b689-44bc-beda-60f19e36b2a6", "text": "This is text message 64", "created": "2025-06-28T19:15:16.518Z", "is_read": true}}, {"model": "chat.message", "pk": 365, "fields": {"sender": 5, "thread": "07762bcf-b689-44bc-beda-60f19e36b2a6", "text": "This is text message 65", "created": "2025-06-28T19:15:16.519Z", "is_read": false}}, {"model": "chat.message", "pk": 366, "fields": {"sender": 4, "thread": "07762bcf-b689-44bc-beda-60f19e36b2a6", "text": "This is text message 66", "created": "2025-06-28T19:15:16.519Z", "is_read": false}}, {"model": "chat.message", "pk": 367, "fields": {"sender": 4, "thread": "07762bcf-b689-44bc-beda-60f19e36b2a6", "text": "This is text message 67", "created": "2025-06-28T19:15:16.519Z", "is_read": false}}, {"model": "chat.message", "pk": 368, "fields": {"sender": 5, "thread": "07762bcf-b689-44bc-beda-60f19e36b2a6", "text": "This is text message 68", "created": "2025-06-28T19:15:16.520Z", "is_read": true}}, {"model": "chat.message", "pk": 369, "fields": {"sender": 4, "thread": "07762bcf-b689-44bc-beda-60f19e36b2a6", "text": "This is text message 69", "created": "2025-06-28T19:15:16.520Z", "is_read": false}}, {"model": "chat.message", "pk": 370, "fields": {"sender": 5, "thread": "07762bcf-b689-44bc-beda-60f19e36b2a6", "text": "This is text message 70", "created": "2025-06-28T19:15:16.520Z", "is_read": false}}, {"model": "chat.message", "pk": 371, "fields": {"sender": 5, "thread": "07762bcf-b689-44bc-beda-60f19e36b2a6", "text": "This is text message 71", "created": "2025-06-28T19:15:16.521Z", "is_read": true}}, {"model": "chat.message", "pk": 372, "fields": {"sender": 4, "thread": "07762bcf-b689-44bc-beda-60f19e36b2a6", "text": "This is text message 72", "created": "2025-06-28T19:15:16.521Z", "is_read": false}}, {"model": "chat.message", "pk": 373, "fields": {"sender": 4, "thread": "07762bcf-b689-44bc-beda-60f19e36b2a6", "text": "This is text message 73", "created": "2025-06-28T19:15:16.521Z", "is_read": true}}, {"model": "chat.message", "pk": 374, "fields": {"sender": 5, "thread": "07762bcf-b689-44bc-beda-60f19e36b2a6", "text": "This is text message 74", "created": "2025-06-28T19:15:16.521Z", "is_read": false}}, {"model": "chat.message", "pk": 375, "fields": {"sender": 4, "thread": "07762bcf-b689-44bc-beda-60f19e36b2a6", "text": "This is text message 75", "created": "2025-06-28T19:15:16.522Z", "is_read": false}}, {"model": "chat.message", "pk": 376, "fields": {"sender": 5, "thread": "07762bcf-b689-44bc-beda-60f19e36b2a6", "text": "This is text message 76", "created": "2025-06-28T19:15:16.522Z", "is_read": true}}, {"model": "chat.message", "pk": 377, "fields": {"sender": 4, "thread": "07762bcf-b689-44bc-beda-60f19e36b2a6", "text": "This is text message 77", "created": "2025-06-28T19:15:16.522Z", "is_read": true}}, {"model": "chat.message", "pk": 378, "fields": {"sender": 4, "thread": "07762bcf-b689-44bc-beda-60f19e36b2a6", "text": "This is text message 78", "created": "2025-06-28T19:15:16.523Z", "is_read": false}}, {"model": "chat.message", "pk": 379, "fields": {"sender": 4, "thread": "07762bcf-b689-44bc-beda-60f19e36b2a6", "text": "This is text message 79", "created": "2025-06-28T19:15:16.523Z", "is_read": true}}, {"model": "chat.message", "pk": 380, "fields": {"sender": 4, "thread": "07762bcf-b689-44bc-beda-60f19e36b2a6", "text": "This is text message 80", "created": "2025-06-28T19:15:16.523Z", "is_read": true}}, {"model": "chat.message", "pk": 381, "fields": {"sender": 4, "thread": "07762bcf-b689-44bc-beda-60f19e36b2a6", "text": "This is text message 81", "created": "2025-06-28T19:15:16.524Z", "is_read": false}}, {"model": "chat.message", "pk": 382, "fields": {"sender": 5, "thread": "07762bcf-b689-44bc-beda-60f19e36b2a6", "text": "This is text message 82", "created": "2025-06-28T19:15:16.524Z", "is_read": false}}, {"model": "chat.message", "pk": 383, "fields": {"sender": 4, "thread": "07762bcf-b689-44bc-beda-60f19e36b2a6", "text": "This is text message 83", "created": "2025-06-28T19:15:16.524Z", "is_read": true}}, {"model": "chat.message", "pk": 384, "fields": {"sender": 5, "thread": "07762bcf-b689-44bc-beda-60f19e36b2a6", "text": "This is text message 84", "created": "2025-06-28T19:15:16.525Z", "is_read": true}}, {"model": "chat.message", "pk": 385, "fields": {"sender": 5, "thread": "07762bcf-b689-44bc-beda-60f19e36b2a6", "text": "This is text message 85", "created": "2025-06-28T19:15:16.525Z", "is_read": false}}, {"model": "chat.message", "pk": 386, "fields": {"sender": 4, "thread": "07762bcf-b689-44bc-beda-60f19e36b2a6", "text": "This is text message 86", "created": "2025-06-28T19:15:16.525Z", "is_read": false}}, {"model": "chat.message", "pk": 387, "fields": {"sender": 4, "thread": "07762bcf-b689-44bc-beda-60f19e36b2a6", "text": "This is text message 87", "created": "2025-06-28T19:15:16.525Z", "is_read": false}}, {"model": "chat.message", "pk": 388, "fields": {"sender": 4, "thread": "07762bcf-b689-44bc-beda-60f19e36b2a6", "text": "This is text message 88", "created": "2025-06-28T19:15:16.526Z", "is_read": false}}, {"model": "chat.message", "pk": 389, "fields": {"sender": 4, "thread": "07762bcf-b689-44bc-beda-60f19e36b2a6", "text": "This is text message 89", "created": "2025-06-28T19:15:16.526Z", "is_read": true}}, {"model": "chat.message", "pk": 390, "fields": {"sender": 5, "thread": "07762bcf-b689-44bc-beda-60f19e36b2a6", "text": "This is text message 90", "created": "2025-06-28T19:15:16.526Z", "is_read": true}}, {"model": "chat.message", "pk": 391, "fields": {"sender": 5, "thread": "07762bcf-b689-44bc-beda-60f19e36b2a6", "text": "This is text message 91", "created": "2025-06-28T19:15:16.527Z", "is_read": false}}, {"model": "chat.message", "pk": 392, "fields": {"sender": 5, "thread": "07762bcf-b689-44bc-beda-60f19e36b2a6", "text": "This is text message 92", "created": "2025-06-28T19:15:16.527Z", "is_read": true}}, {"model": "chat.message", "pk": 393, "fields": {"sender": 5, "thread": "07762bcf-b689-44bc-beda-60f19e36b2a6", "text": "This is text message 93", "created": "2025-06-28T19:15:16.527Z", "is_read": false}}, {"model": "chat.message", "pk": 394, "fields": {"sender": 4, "thread": "07762bcf-b689-44bc-beda-60f19e36b2a6", "text": "This is text message 94", "created": "2025-06-28T19:15:16.528Z", "is_read": false}}, {"model": "chat.message", "pk": 395, "fields": {"sender": 4, "thread": "07762bcf-b689-44bc-beda-60f19e36b2a6", "text": "This is text message 95", "created": "2025-06-28T19:15:16.528Z", "is_read": false}}, {"model": "chat.message", "pk": 396, "fields": {"sender": 4, "thread": "07762bcf-b689-44bc-beda-60f19e36b2a6", "text": "This is text message 96", "created": "2025-06-28T19:15:16.528Z", "is_read": false}}, {"model": "chat.message", "pk": 397, "fields": {"sender": 5, "thread": "07762bcf-b689-44bc-beda-60f19e36b2a6", "text": "This is text message 97", "created": "2025-06-28T19:15:16.529Z", "is_read": false}}, {"model": "chat.message", "pk": 398, "fields": {"sender": 5, "thread": "07762bcf-b689-44bc-beda-60f19e36b2a6", "text": "This is text message 98", "created": "2025-06-28T19:15:16.529Z", "is_read": true}}, {"model": "chat.message", "pk": 399, "fields": {"sender": 5, "thread": "07762bcf-b689-44bc-beda-60f19e36b2a6", "text": "This is text message 99", "created": "2025-06-28T19:15:16.529Z", "is_read": true}}, {"model": "chat.message", "pk": 400, "fields": {"sender": 4, "thread": "07762bcf-b689-44bc-beda-60f19e36b2a6", "text": "This is text message 100", "created": "2025-06-28T19:15:16.529Z", "is_read": false}}, {"model": "chat.message", "pk": 401, "fields": {"sender": 4, "thread": "07762bcf-b689-44bc-beda-60f19e36b2a6", "text": "This is text message 101", "created": "2025-06-28T19:15:16.530Z", "is_read": true}}, {"model": "chat.message", "pk": 402, "fields": {"sender": 5, "thread": "07762bcf-b689-44bc-beda-60f19e36b2a6", "text": "This is text message 102", "created": "2025-06-28T19:15:16.530Z", "is_read": false}}, {"model": "chat.message", "pk": 403, "fields": {"sender": 5, "thread": "07762bcf-b689-44bc-beda-60f19e36b2a6", "text": "This is text message 103", "created": "2025-06-28T19:15:16.530Z", "is_read": true}}, {"model": "chat.message", "pk": 404, "fields": {"sender": 5, "thread": "07762bcf-b689-44bc-beda-60f19e36b2a6", "text": "This is text message 104", "created": "2025-06-28T19:15:16.531Z", "is_read": false}}, {"model": "chat.message", "pk": 405, "fields": {"sender": 4, "thread": "07762bcf-b689-44bc-beda-60f19e36b2a6", "text": "This is text message 105", "created": "2025-06-28T19:15:16.531Z", "is_read": false}}, {"model": "chat.message", "pk": 406, "fields": {"sender": 4, "thread": "07762bcf-b689-44bc-beda-60f19e36b2a6", "text": "This is text message 106", "created": "2025-06-28T19:15:16.531Z", "is_read": false}}, {"model": "chat.message", "pk": 407, "fields": {"sender": 4, "thread": "07762bcf-b689-44bc-beda-60f19e36b2a6", "text": "This is text message 107", "created": "2025-06-28T19:15:16.532Z", "is_read": true}}, {"model": "chat.message", "pk": 408, "fields": {"sender": 4, "thread": "07762bcf-b689-44bc-beda-60f19e36b2a6", "text": "This is text message 108", "created": "2025-06-28T19:15:16.532Z", "is_read": true}}, {"model": "chat.message", "pk": 409, "fields": {"sender": 4, "thread": "07762bcf-b689-44bc-beda-60f19e36b2a6", "text": "This is text message 109", "created": "2025-06-28T19:15:16.533Z", "is_read": false}}, {"model": "chat.message", "pk": 410, "fields": {"sender": 5, "thread": "07762bcf-b689-44bc-beda-60f19e36b2a6", "text": "This is text message 110", "created": "2025-06-28T19:15:16.533Z", "is_read": true}}, {"model": "chat.message", "pk": 411, "fields": {"sender": 5, "thread": "07762bcf-b689-44bc-beda-60f19e36b2a6", "text": "This is text message 111", "created": "2025-06-28T19:15:16.534Z", "is_read": true}}, {"model": "chat.message", "pk": 412, "fields": {"sender": 4, "thread": "07762bcf-b689-44bc-beda-60f19e36b2a6", "text": "This is text message 112", "created": "2025-06-28T19:15:16.534Z", "is_read": true}}, {"model": "chat.message", "pk": 413, "fields": {"sender": 4, "thread": "07762bcf-b689-44bc-beda-60f19e36b2a6", "text": "This is text message 113", "created": "2025-06-28T19:15:16.534Z", "is_read": true}}, {"model": "chat.message", "pk": 414, "fields": {"sender": 4, "thread": "07762bcf-b689-44bc-beda-60f19e36b2a6", "text": "This is text message 114", "created": "2025-06-28T19:15:16.535Z", "is_read": false}}, {"model": "chat.message", "pk": 415, "fields": {"sender": 5, "thread": "07762bcf-b689-44bc-beda-60f19e36b2a6", "text": "This is text message 115", "created": "2025-06-28T19:15:16.535Z", "is_read": false}}, {"model": "chat.message", "pk": 416, "fields": {"sender": 4, "thread": "07762bcf-b689-44bc-beda-60f19e36b2a6", "text": "This is text message 116", "created": "2025-06-28T19:15:16.535Z", "is_read": true}}, {"model": "chat.message", "pk": 417, "fields": {"sender": 4, "thread": "07762bcf-b689-44bc-beda-60f19e36b2a6", "text": "This is text message 117", "created": "2025-06-28T19:15:16.536Z", "is_read": false}}, {"model": "chat.message", "pk": 418, "fields": {"sender": 4, "thread": "07762bcf-b689-44bc-beda-60f19e36b2a6", "text": "This is text message 118", "created": "2025-06-28T19:15:16.536Z", "is_read": true}}, {"model": "chat.message", "pk": 419, "fields": {"sender": 5, "thread": "07762bcf-b689-44bc-beda-60f19e36b2a6", "text": "This is text message 119", "created": "2025-06-28T19:15:16.536Z", "is_read": false}}, {"model": "chat.message", "pk": 420, "fields": {"sender": 4, "thread": "07762bcf-b689-44bc-beda-60f19e36b2a6", "text": "This is text message 120", "created": "2025-06-28T19:15:16.537Z", "is_read": false}}, {"model": "chat.message", "pk": 421, "fields": {"sender": 4, "thread": "07762bcf-b689-44bc-beda-60f19e36b2a6", "text": "This is text message 121", "created": "2025-06-28T19:15:16.537Z", "is_read": true}}, {"model": "chat.message", "pk": 422, "fields": {"sender": 5, "thread": "07762bcf-b689-44bc-beda-60f19e36b2a6", "text": "This is text message 122", "created": "2025-06-28T19:15:16.537Z", "is_read": false}}, {"model": "chat.message", "pk": 423, "fields": {"sender": 4, "thread": "07762bcf-b689-44bc-beda-60f19e36b2a6", "text": "This is text message 123", "created": "2025-06-28T19:15:16.538Z", "is_read": false}}, {"model": "chat.message", "pk": 424, "fields": {"sender": 4, "thread": "07762bcf-b689-44bc-beda-60f19e36b2a6", "text": "This is text message 124", "created": "2025-06-28T19:15:16.538Z", "is_read": true}}, {"model": "chat.message", "pk": 425, "fields": {"sender": 4, "thread": "07762bcf-b689-44bc-beda-60f19e36b2a6", "text": "This is text message 125", "created": "2025-06-28T19:15:16.538Z", "is_read": true}}, {"model": "chat.message", "pk": 426, "fields": {"sender": 4, "thread": "07762bcf-b689-44bc-beda-60f19e36b2a6", "text": "This is text message 126", "created": "2025-06-28T19:15:16.539Z", "is_read": true}}, {"model": "chat.message", "pk": 427, "fields": {"sender": 5, "thread": "07762bcf-b689-44bc-beda-60f19e36b2a6", "text": "This is text message 127", "created": "2025-06-28T19:15:16.539Z", "is_read": false}}, {"model": "chat.message", "pk": 428, "fields": {"sender": 4, "thread": "07762bcf-b689-44bc-beda-60f19e36b2a6", "text": "This is text message 128", "created": "2025-06-28T19:15:16.540Z", "is_read": true}}, {"model": "chat.message", "pk": 429, "fields": {"sender": 5, "thread": "07762bcf-b689-44bc-beda-60f19e36b2a6", "text": "This is text message 129", "created": "2025-06-28T19:15:16.540Z", "is_read": true}}, {"model": "chat.message", "pk": 430, "fields": {"sender": 4, "thread": "07762bcf-b689-44bc-beda-60f19e36b2a6", "text": "This is text message 130", "created": "2025-06-28T19:15:16.540Z", "is_read": false}}, {"model": "chat.message", "pk": 431, "fields": {"sender": 4, "thread": "07762bcf-b689-44bc-beda-60f19e36b2a6", "text": "This is text message 131", "created": "2025-06-28T19:15:16.541Z", "is_read": false}}, {"model": "chat.message", "pk": 432, "fields": {"sender": 5, "thread": "07762bcf-b689-44bc-beda-60f19e36b2a6", "text": "This is text message 132", "created": "2025-06-28T19:15:16.541Z", "is_read": false}}, {"model": "chat.message", "pk": 433, "fields": {"sender": 4, "thread": "07762bcf-b689-44bc-beda-60f19e36b2a6", "text": "This is text message 133", "created": "2025-06-28T19:15:16.541Z", "is_read": false}}, {"model": "chat.message", "pk": 434, "fields": {"sender": 5, "thread": "07762bcf-b689-44bc-beda-60f19e36b2a6", "text": "This is text message 134", "created": "2025-06-28T19:15:16.542Z", "is_read": false}}, {"model": "chat.message", "pk": 435, "fields": {"sender": 5, "thread": "07762bcf-b689-44bc-beda-60f19e36b2a6", "text": "This is text message 135", "created": "2025-06-28T19:15:16.542Z", "is_read": false}}, {"model": "chat.message", "pk": 436, "fields": {"sender": 5, "thread": "07762bcf-b689-44bc-beda-60f19e36b2a6", "text": "This is text message 136", "created": "2025-06-28T19:15:16.542Z", "is_read": false}}, {"model": "chat.message", "pk": 437, "fields": {"sender": 4, "thread": "07762bcf-b689-44bc-beda-60f19e36b2a6", "text": "This is text message 137", "created": "2025-06-28T19:15:16.543Z", "is_read": true}}, {"model": "chat.message", "pk": 438, "fields": {"sender": 5, "thread": "07762bcf-b689-44bc-beda-60f19e36b2a6", "text": "This is text message 138", "created": "2025-06-28T19:15:16.543Z", "is_read": true}}, {"model": "chat.message", "pk": 439, "fields": {"sender": 5, "thread": "07762bcf-b689-44bc-beda-60f19e36b2a6", "text": "This is text message 139", "created": "2025-06-28T19:15:16.543Z", "is_read": false}}, {"model": "chat.message", "pk": 440, "fields": {"sender": 4, "thread": "07762bcf-b689-44bc-beda-60f19e36b2a6", "text": "This is text message 140", "created": "2025-06-28T19:15:16.544Z", "is_read": true}}, {"model": "chat.message", "pk": 441, "fields": {"sender": 5, "thread": "07762bcf-b689-44bc-beda-60f19e36b2a6", "text": "This is text message 141", "created": "2025-06-28T19:15:16.544Z", "is_read": false}}, {"model": "chat.message", "pk": 442, "fields": {"sender": 5, "thread": "07762bcf-b689-44bc-beda-60f19e36b2a6", "text": "This is text message 142", "created": "2025-06-28T19:15:16.544Z", "is_read": false}}, {"model": "chat.message", "pk": 443, "fields": {"sender": 5, "thread": "07762bcf-b689-44bc-beda-60f19e36b2a6", "text": "This is text message 143", "created": "2025-06-28T19:15:16.545Z", "is_read": false}}, {"model": "chat.message", "pk": 444, "fields": {"sender": 4, "thread": "07762bcf-b689-44bc-beda-60f19e36b2a6", "text": "This is text message 144", "created": "2025-06-28T19:15:16.545Z", "is_read": false}}, {"model": "chat.message", "pk": 445, "fields": {"sender": 4, "thread": "07762bcf-b689-44bc-beda-60f19e36b2a6", "text": "This is text message 145", "created": "2025-06-28T19:15:16.545Z", "is_read": false}}, {"model": "chat.message", "pk": 446, "fields": {"sender": 5, "thread": "07762bcf-b689-44bc-beda-60f19e36b2a6", "text": "This is text message 146", "created": "2025-06-28T19:15:16.546Z", "is_read": true}}, {"model": "chat.message", "pk": 447, "fields": {"sender": 5, "thread": "07762bcf-b689-44bc-beda-60f19e36b2a6", "text": "This is text message 147", "created": "2025-06-28T19:15:16.546Z", "is_read": false}}, {"model": "chat.message", "pk": 448, "fields": {"sender": 4, "thread": "07762bcf-b689-44bc-beda-60f19e36b2a6", "text": "This is text message 148", "created": "2025-06-28T19:15:16.546Z", "is_read": false}}, {"model": "chat.message", "pk": 449, "fields": {"sender": 5, "thread": "07762bcf-b689-44bc-beda-60f19e36b2a6", "text": "This is text message 149", "created": "2025-06-28T19:15:16.547Z", "is_read": false}}, {"model": "chat.message", "pk": 450, "fields": {"sender": 5, "thread": "07762bcf-b689-44bc-beda-60f19e36b2a6", "text": "This is text message 150", "created": "2025-06-28T19:15:16.547Z", "is_read": true}}, {"model": "chat.message", "pk": 451, "fields": {"sender": 5, "thread": "07762bcf-b689-44bc-beda-60f19e36b2a6", "text": "This is text message 151", "created": "2025-06-28T19:15:16.547Z", "is_read": false}}, {"model": "chat.message", "pk": 452, "fields": {"sender": 5, "thread": "07762bcf-b689-44bc-beda-60f19e36b2a6", "text": "This is text message 152", "created": "2025-06-28T19:15:16.548Z", "is_read": true}}, {"model": "chat.message", "pk": 453, "fields": {"sender": 4, "thread": "07762bcf-b689-44bc-beda-60f19e36b2a6", "text": "This is text message 153", "created": "2025-06-28T19:15:16.548Z", "is_read": false}}, {"model": "chat.message", "pk": 454, "fields": {"sender": 5, "thread": "07762bcf-b689-44bc-beda-60f19e36b2a6", "text": "This is text message 154", "created": "2025-06-28T19:15:16.548Z", "is_read": true}}, {"model": "chat.message", "pk": 455, "fields": {"sender": 5, "thread": "07762bcf-b689-44bc-beda-60f19e36b2a6", "text": "This is text message 155", "created": "2025-06-28T19:15:16.549Z", "is_read": false}}, {"model": "chat.message", "pk": 456, "fields": {"sender": 5, "thread": "07762bcf-b689-44bc-beda-60f19e36b2a6", "text": "This is text message 156", "created": "2025-06-28T19:15:16.549Z", "is_read": false}}, {"model": "chat.message", "pk": 457, "fields": {"sender": 4, "thread": "07762bcf-b689-44bc-beda-60f19e36b2a6", "text": "This is text message 157", "created": "2025-06-28T19:15:16.549Z", "is_read": false}}, {"model": "chat.message", "pk": 458, "fields": {"sender": 5, "thread": "07762bcf-b689-44bc-beda-60f19e36b2a6", "text": "This is text message 158", "created": "2025-06-28T19:15:16.550Z", "is_read": true}}, {"model": "chat.message", "pk": 459, "fields": {"sender": 4, "thread": "07762bcf-b689-44bc-beda-60f19e36b2a6", "text": "This is text message 159", "created": "2025-06-28T19:15:16.550Z", "is_read": true}}, {"model": "chat.message", "pk": 460, "fields": {"sender": 4, "thread": "07762bcf-b689-44bc-beda-60f19e36b2a6", "text": "This is text message 160", "created": "2025-06-28T19:15:16.550Z", "is_read": true}}, {"model": "chat.message", "pk": 461, "fields": {"sender": 4, "thread": "07762bcf-b689-44bc-beda-60f19e36b2a6", "text": "This is text message 161", "created": "2025-06-28T19:15:16.551Z", "is_read": true}}, {"model": "chat.message", "pk": 462, "fields": {"sender": 4, "thread": "07762bcf-b689-44bc-beda-60f19e36b2a6", "text": "This is text message 162", "created": "2025-06-28T19:15:16.551Z", "is_read": true}}, {"model": "chat.message", "pk": 463, "fields": {"sender": 5, "thread": "07762bcf-b689-44bc-beda-60f19e36b2a6", "text": "This is text message 163", "created": "2025-06-28T19:15:16.551Z", "is_read": false}}, {"model": "chat.message", "pk": 464, "fields": {"sender": 4, "thread": "07762bcf-b689-44bc-beda-60f19e36b2a6", "text": "This is text message 164", "created": "2025-06-28T19:15:16.552Z", "is_read": true}}, {"model": "chat.message", "pk": 465, "fields": {"sender": 4, "thread": "07762bcf-b689-44bc-beda-60f19e36b2a6", "text": "This is text message 165", "created": "2025-06-28T19:15:16.552Z", "is_read": true}}, {"model": "chat.message", "pk": 466, "fields": {"sender": 5, "thread": "07762bcf-b689-44bc-beda-60f19e36b2a6", "text": "This is text message 166", "created": "2025-06-28T19:15:16.552Z", "is_read": false}}, {"model": "chat.message", "pk": 467, "fields": {"sender": 4, "thread": "07762bcf-b689-44bc-beda-60f19e36b2a6", "text": "This is text message 167", "created": "2025-06-28T19:15:16.553Z", "is_read": true}}, {"model": "chat.message", "pk": 468, "fields": {"sender": 4, "thread": "07762bcf-b689-44bc-beda-60f19e36b2a6", "text": "This is text message 168", "created": "2025-06-28T19:15:16.553Z", "is_read": true}}, {"model": "chat.message", "pk": 469, "fields": {"sender": 4, "thread": "07762bcf-b689-44bc-beda-60f19e36b2a6", "text": "This is text message 169", "created": "2025-06-28T19:15:16.553Z", "is_read": true}}, {"model": "chat.message", "pk": 470, "fields": {"sender": 5, "thread": "07762bcf-b689-44bc-beda-60f19e36b2a6", "text": "This is text message 170", "created": "2025-06-28T19:15:16.554Z", "is_read": false}}, {"model": "chat.message", "pk": 471, "fields": {"sender": 4, "thread": "07762bcf-b689-44bc-beda-60f19e36b2a6", "text": "This is text message 171", "created": "2025-06-28T19:15:16.554Z", "is_read": false}}, {"model": "chat.message", "pk": 472, "fields": {"sender": 4, "thread": "07762bcf-b689-44bc-beda-60f19e36b2a6", "text": "This is text message 172", "created": "2025-06-28T19:15:16.554Z", "is_read": false}}, {"model": "chat.message", "pk": 473, "fields": {"sender": 4, "thread": "07762bcf-b689-44bc-beda-60f19e36b2a6", "text": "This is text message 173", "created": "2025-06-28T19:15:16.555Z", "is_read": false}}, {"model": "chat.message", "pk": 474, "fields": {"sender": 5, "thread": "07762bcf-b689-44bc-beda-60f19e36b2a6", "text": "This is text message 174", "created": "2025-06-28T19:15:16.555Z", "is_read": true}}, {"model": "chat.message", "pk": 475, "fields": {"sender": 5, "thread": "07762bcf-b689-44bc-beda-60f19e36b2a6", "text": "This is text message 175", "created": "2025-06-28T19:15:16.555Z", "is_read": false}}, {"model": "chat.message", "pk": 476, "fields": {"sender": 5, "thread": "07762bcf-b689-44bc-beda-60f19e36b2a6", "text": "This is text message 176", "created": "2025-06-28T19:15:16.556Z", "is_read": true}}, {"model": "chat.message", "pk": 477, "fields": {"sender": 5, "thread": "07762bcf-b689-44bc-beda-60f19e36b2a6", "text": "This is text message 177", "created": "2025-06-28T19:15:16.556Z", "is_read": false}}, {"model": "chat.message", "pk": 478, "fields": {"sender": 4, "thread": "07762bcf-b689-44bc-beda-60f19e36b2a6", "text": "This is text message 178", "created": "2025-06-28T19:15:16.556Z", "is_read": true}}, {"model": "chat.message", "pk": 479, "fields": {"sender": 5, "thread": "07762bcf-b689-44bc-beda-60f19e36b2a6", "text": "This is text message 179", "created": "2025-06-28T19:15:16.557Z", "is_read": true}}, {"model": "chat.message", "pk": 480, "fields": {"sender": 5, "thread": "07762bcf-b689-44bc-beda-60f19e36b2a6", "text": "This is text message 180", "created": "2025-06-28T19:15:16.557Z", "is_read": true}}, {"model": "chat.message", "pk": 481, "fields": {"sender": 5, "thread": "07762bcf-b689-44bc-beda-60f19e36b2a6", "text": "This is text message 181", "created": "2025-06-28T19:15:16.557Z", "is_read": true}}, {"model": "chat.message", "pk": 482, "fields": {"sender": 4, "thread": "07762bcf-b689-44bc-beda-60f19e36b2a6", "text": "This is text message 182", "created": "2025-06-28T19:15:16.558Z", "is_read": true}}, {"model": "chat.message", "pk": 483, "fields": {"sender": 5, "thread": "07762bcf-b689-44bc-beda-60f19e36b2a6", "text": "This is text message 183", "created": "2025-06-28T19:15:16.558Z", "is_read": false}}, {"model": "chat.message", "pk": 484, "fields": {"sender": 5, "thread": "07762bcf-b689-44bc-beda-60f19e36b2a6", "text": "This is text message 184", "created": "2025-06-28T19:15:16.558Z", "is_read": false}}, {"model": "chat.message", "pk": 485, "fields": {"sender": 4, "thread": "07762bcf-b689-44bc-beda-60f19e36b2a6", "text": "This is text message 185", "created": "2025-06-28T19:15:16.559Z", "is_read": true}}, {"model": "chat.message", "pk": 486, "fields": {"sender": 4, "thread": "07762bcf-b689-44bc-beda-60f19e36b2a6", "text": "This is text message 186", "created": "2025-06-28T19:15:16.559Z", "is_read": true}}, {"model": "chat.message", "pk": 487, "fields": {"sender": 4, "thread": "07762bcf-b689-44bc-beda-60f19e36b2a6", "text": "This is text message 187", "created": "2025-06-28T19:15:16.559Z", "is_read": false}}, {"model": "chat.message", "pk": 488, "fields": {"sender": 4, "thread": "07762bcf-b689-44bc-beda-60f19e36b2a6", "text": "This is text message 188", "created": "2025-06-28T19:15:16.560Z", "is_read": true}}, {"model": "chat.message", "pk": 489, "fields": {"sender": 5, "thread": "07762bcf-b689-44bc-beda-60f19e36b2a6", "text": "This is text message 189", "created": "2025-06-28T19:15:16.560Z", "is_read": false}}, {"model": "chat.message", "pk": 490, "fields": {"sender": 4, "thread": "07762bcf-b689-44bc-beda-60f19e36b2a6", "text": "This is text message 190", "created": "2025-06-28T19:15:16.560Z", "is_read": true}}, {"model": "chat.message", "pk": 491, "fields": {"sender": 5, "thread": "07762bcf-b689-44bc-beda-60f19e36b2a6", "text": "This is text message 191", "created": "2025-06-28T19:15:16.561Z", "is_read": true}}, {"model": "chat.message", "pk": 492, "fields": {"sender": 5, "thread": "07762bcf-b689-44bc-beda-60f19e36b2a6", "text": "This is text message 192", "created": "2025-06-28T19:15:16.561Z", "is_read": true}}, {"model": "chat.message", "pk": 493, "fields": {"sender": 4, "thread": "07762bcf-b689-44bc-beda-60f19e36b2a6", "text": "This is text message 193", "created": "2025-06-28T19:15:16.561Z", "is_read": false}}, {"model": "chat.message", "pk": 494, "fields": {"sender": 4, "thread": "07762bcf-b689-44bc-beda-60f19e36b2a6", "text": "This is text message 194", "created": "2025-06-28T19:15:16.562Z", "is_read": false}}, {"model": "chat.message", "pk": 495, "fields": {"sender": 4, "thread": "07762bcf-b689-44bc-beda-60f19e36b2a6", "text": "This is text message 195", "created": "2025-06-28T19:15:16.562Z", "is_read": true}}, {"model": "chat.message", "pk": 496, "fields": {"sender": 5, "thread": "07762bcf-b689-44bc-beda-60f19e36b2a6", "text": "This is text message 196", "created": "2025-06-28T19:15:16.562Z", "is_read": false}}, {"model": "chat.message", "pk": 497, "fields": {"sender": 5, "thread": "07762bcf-b689-44bc-beda-60f19e36b2a6", "text": "This is text message 197", "created": "2025-06-28T19:15:16.563Z", "is_read": true}}, {"model": "chat.message", "pk": 498, "fields": {"sender": 5, "thread": "07762bcf-b689-44bc-beda-60f19e36b2a6", "text": "This is text message 198", "created": "2025-06-28T19:15:16.563Z", "is_read": false}}, {"model": "chat.message", "pk": 499, "fields": {"sender": 5, "thread": "07762bcf-b689-44bc-beda-60f19e36b2a6", "text": "This is text message 199", "created": "2025-06-28T19:15:16.564Z", "is_read": true}}, {"model": "chat.message", "pk": 500, "fields": {"sender": 4, "thread": "07762bcf-b689-44bc-beda-60f19e36b2a6", "text": "This is text message 200", "created": "2025-06-28T19:15:16.564Z", "is_read": false}}, {"model": "chat.message", "pk": 501, "fields": {"sender": 6, "thread": "3cff18f1-d049-43f3-9c69-fcc8948f66f6", "text": "This is text message 1", "created": "2025-06-28T19:16:00.184Z", "is_read": false}}, {"model": "chat.message", "pk": 502, "fields": {"sender": 4, "thread": "3cff18f1-d049-43f3-9c69-fcc8948f66f6", "text": "This is text message 2", "created": "2025-06-28T19:16:00.185Z", "is_read": true}}, {"model": "chat.message", "pk": 503, "fields": {"sender": 6, "thread": "3cff18f1-d049-43f3-9c69-fcc8948f66f6", "text": "This is text message 3", "created": "2025-06-28T19:16:00.185Z", "is_read": true}}, {"model": "chat.message", "pk": 504, "fields": {"sender": 4, "thread": "3cff18f1-d049-43f3-9c69-fcc8948f66f6", "text": "This is text message 4", "created": "2025-06-28T19:16:00.186Z", "is_read": true}}, {"model": "chat.message", "pk": 505, "fields": {"sender": 4, "thread": "3cff18f1-d049-43f3-9c69-fcc8948f66f6", "text": "This is text message 5", "created": "2025-06-28T19:16:00.186Z", "is_read": false}}, {"model": "chat.message", "pk": 506, "fields": {"sender": 6, "thread": "3cff18f1-d049-43f3-9c69-fcc8948f66f6", "text": "This is text message 6", "created": "2025-06-28T19:16:00.186Z", "is_read": false}}, {"model": "chat.message", "pk": 507, "fields": {"sender": 6, "thread": "3cff18f1-d049-43f3-9c69-fcc8948f66f6", "text": "This is text message 7", "created": "2025-06-28T19:16:00.187Z", "is_read": true}}, {"model": "chat.message", "pk": 508, "fields": {"sender": 4, "thread": "3cff18f1-d049-43f3-9c69-fcc8948f66f6", "text": "This is text message 8", "created": "2025-06-28T19:16:00.187Z", "is_read": false}}, {"model": "chat.message", "pk": 509, "fields": {"sender": 6, "thread": "3cff18f1-d049-43f3-9c69-fcc8948f66f6", "text": "This is text message 9", "created": "2025-06-28T19:16:00.188Z", "is_read": false}}, {"model": "chat.message", "pk": 510, "fields": {"sender": 4, "thread": "3cff18f1-d049-43f3-9c69-fcc8948f66f6", "text": "This is text message 10", "created": "2025-06-28T19:16:00.188Z", "is_read": true}}, {"model": "chat.message", "pk": 511, "fields": {"sender": 4, "thread": "3cff18f1-d049-43f3-9c69-fcc8948f66f6", "text": "This is text message 11", "created": "2025-06-28T19:16:00.188Z", "is_read": false}}, {"model": "chat.message", "pk": 512, "fields": {"sender": 6, "thread": "3cff18f1-d049-43f3-9c69-fcc8948f66f6", "text": "This is text message 12", "created": "2025-06-28T19:16:00.189Z", "is_read": true}}, {"model": "chat.message", "pk": 513, "fields": {"sender": 4, "thread": "3cff18f1-d049-43f3-9c69-fcc8948f66f6", "text": "This is text message 13", "created": "2025-06-28T19:16:00.189Z", "is_read": false}}, {"model": "chat.message", "pk": 514, "fields": {"sender": 6, "thread": "3cff18f1-d049-43f3-9c69-fcc8948f66f6", "text": "This is text message 14", "created": "2025-06-28T19:16:00.190Z", "is_read": false}}, {"model": "chat.message", "pk": 515, "fields": {"sender": 6, "thread": "3cff18f1-d049-43f3-9c69-fcc8948f66f6", "text": "This is text message 15", "created": "2025-06-28T19:16:00.190Z", "is_read": false}}, {"model": "chat.message", "pk": 516, "fields": {"sender": 4, "thread": "3cff18f1-d049-43f3-9c69-fcc8948f66f6", "text": "This is text message 16", "created": "2025-06-28T19:16:00.190Z", "is_read": true}}, {"model": "chat.message", "pk": 517, "fields": {"sender": 4, "thread": "3cff18f1-d049-43f3-9c69-fcc8948f66f6", "text": "This is text message 17", "created": "2025-06-28T19:16:00.191Z", "is_read": true}}, {"model": "chat.message", "pk": 518, "fields": {"sender": 6, "thread": "3cff18f1-d049-43f3-9c69-fcc8948f66f6", "text": "This is text message 18", "created": "2025-06-28T19:16:00.191Z", "is_read": true}}, {"model": "chat.message", "pk": 519, "fields": {"sender": 4, "thread": "3cff18f1-d049-43f3-9c69-fcc8948f66f6", "text": "This is text message 19", "created": "2025-06-28T19:16:00.192Z", "is_read": true}}, {"model": "chat.message", "pk": 520, "fields": {"sender": 4, "thread": "3cff18f1-d049-43f3-9c69-fcc8948f66f6", "text": "This is text message 20", "created": "2025-06-28T19:16:00.192Z", "is_read": false}}, {"model": "chat.message", "pk": 521, "fields": {"sender": 4, "thread": "3cff18f1-d049-43f3-9c69-fcc8948f66f6", "text": "This is text message 21", "created": "2025-06-28T19:16:00.192Z", "is_read": true}}, {"model": "chat.message", "pk": 522, "fields": {"sender": 6, "thread": "3cff18f1-d049-43f3-9c69-fcc8948f66f6", "text": "This is text message 22", "created": "2025-06-28T19:16:00.193Z", "is_read": true}}, {"model": "chat.message", "pk": 523, "fields": {"sender": 4, "thread": "3cff18f1-d049-43f3-9c69-fcc8948f66f6", "text": "This is text message 23", "created": "2025-06-28T19:16:00.193Z", "is_read": false}}, {"model": "chat.message", "pk": 524, "fields": {"sender": 6, "thread": "3cff18f1-d049-43f3-9c69-fcc8948f66f6", "text": "This is text message 24", "created": "2025-06-28T19:16:00.194Z", "is_read": true}}, {"model": "chat.message", "pk": 525, "fields": {"sender": 4, "thread": "3cff18f1-d049-43f3-9c69-fcc8948f66f6", "text": "This is text message 25", "created": "2025-06-28T19:16:00.194Z", "is_read": true}}, {"model": "chat.message", "pk": 526, "fields": {"sender": 6, "thread": "3cff18f1-d049-43f3-9c69-fcc8948f66f6", "text": "This is text message 26", "created": "2025-06-28T19:16:00.195Z", "is_read": true}}, {"model": "chat.message", "pk": 527, "fields": {"sender": 6, "thread": "3cff18f1-d049-43f3-9c69-fcc8948f66f6", "text": "This is text message 27", "created": "2025-06-28T19:16:00.195Z", "is_read": true}}, {"model": "chat.message", "pk": 528, "fields": {"sender": 4, "thread": "3cff18f1-d049-43f3-9c69-fcc8948f66f6", "text": "This is text message 28", "created": "2025-06-28T19:16:00.196Z", "is_read": false}}, {"model": "chat.message", "pk": 529, "fields": {"sender": 6, "thread": "3cff18f1-d049-43f3-9c69-fcc8948f66f6", "text": "This is text message 29", "created": "2025-06-28T19:16:00.196Z", "is_read": false}}, {"model": "chat.message", "pk": 530, "fields": {"sender": 6, "thread": "3cff18f1-d049-43f3-9c69-fcc8948f66f6", "text": "This is text message 30", "created": "2025-06-28T19:16:00.197Z", "is_read": true}}, {"model": "chat.message", "pk": 531, "fields": {"sender": 6, "thread": "3cff18f1-d049-43f3-9c69-fcc8948f66f6", "text": "This is text message 31", "created": "2025-06-28T19:16:00.197Z", "is_read": true}}, {"model": "chat.message", "pk": 532, "fields": {"sender": 4, "thread": "3cff18f1-d049-43f3-9c69-fcc8948f66f6", "text": "This is text message 32", "created": "2025-06-28T19:16:00.198Z", "is_read": false}}, {"model": "chat.message", "pk": 533, "fields": {"sender": 6, "thread": "3cff18f1-d049-43f3-9c69-fcc8948f66f6", "text": "This is text message 33", "created": "2025-06-28T19:16:00.198Z", "is_read": true}}, {"model": "chat.message", "pk": 534, "fields": {"sender": 6, "thread": "3cff18f1-d049-43f3-9c69-fcc8948f66f6", "text": "This is text message 34", "created": "2025-06-28T19:16:00.199Z", "is_read": false}}, {"model": "chat.message", "pk": 535, "fields": {"sender": 4, "thread": "3cff18f1-d049-43f3-9c69-fcc8948f66f6", "text": "This is text message 35", "created": "2025-06-28T19:16:00.199Z", "is_read": false}}, {"model": "chat.message", "pk": 536, "fields": {"sender": 6, "thread": "3cff18f1-d049-43f3-9c69-fcc8948f66f6", "text": "This is text message 36", "created": "2025-06-28T19:16:00.200Z", "is_read": true}}, {"model": "chat.message", "pk": 537, "fields": {"sender": 4, "thread": "3cff18f1-d049-43f3-9c69-fcc8948f66f6", "text": "This is text message 37", "created": "2025-06-28T19:16:00.200Z", "is_read": false}}, {"model": "chat.message", "pk": 538, "fields": {"sender": 6, "thread": "3cff18f1-d049-43f3-9c69-fcc8948f66f6", "text": "This is text message 38", "created": "2025-06-28T19:16:00.201Z", "is_read": false}}, {"model": "chat.message", "pk": 539, "fields": {"sender": 6, "thread": "3cff18f1-d049-43f3-9c69-fcc8948f66f6", "text": "This is text message 39", "created": "2025-06-28T19:16:00.201Z", "is_read": false}}, {"model": "chat.message", "pk": 540, "fields": {"sender": 6, "thread": "3cff18f1-d049-43f3-9c69-fcc8948f66f6", "text": "This is text message 40", "created": "2025-06-28T19:16:00.202Z", "is_read": false}}, {"model": "chat.message", "pk": 541, "fields": {"sender": 4, "thread": "3cff18f1-d049-43f3-9c69-fcc8948f66f6", "text": "This is text message 41", "created": "2025-06-28T19:16:00.203Z", "is_read": false}}, {"model": "chat.message", "pk": 542, "fields": {"sender": 6, "thread": "3cff18f1-d049-43f3-9c69-fcc8948f66f6", "text": "This is text message 42", "created": "2025-06-28T19:16:00.203Z", "is_read": true}}, {"model": "chat.message", "pk": 543, "fields": {"sender": 4, "thread": "3cff18f1-d049-43f3-9c69-fcc8948f66f6", "text": "This is text message 43", "created": "2025-06-28T19:16:00.204Z", "is_read": true}}, {"model": "chat.message", "pk": 544, "fields": {"sender": 4, "thread": "3cff18f1-d049-43f3-9c69-fcc8948f66f6", "text": "This is text message 44", "created": "2025-06-28T19:16:00.204Z", "is_read": false}}, {"model": "chat.message", "pk": 545, "fields": {"sender": 6, "thread": "3cff18f1-d049-43f3-9c69-fcc8948f66f6", "text": "This is text message 45", "created": "2025-06-28T19:16:00.205Z", "is_read": false}}, {"model": "chat.message", "pk": 546, "fields": {"sender": 6, "thread": "3cff18f1-d049-43f3-9c69-fcc8948f66f6", "text": "This is text message 46", "created": "2025-06-28T19:16:00.205Z", "is_read": false}}, {"model": "chat.message", "pk": 547, "fields": {"sender": 6, "thread": "3cff18f1-d049-43f3-9c69-fcc8948f66f6", "text": "This is text message 47", "created": "2025-06-28T19:16:00.206Z", "is_read": true}}, {"model": "chat.message", "pk": 548, "fields": {"sender": 4, "thread": "3cff18f1-d049-43f3-9c69-fcc8948f66f6", "text": "This is text message 48", "created": "2025-06-28T19:16:00.206Z", "is_read": false}}, {"model": "chat.message", "pk": 549, "fields": {"sender": 6, "thread": "3cff18f1-d049-43f3-9c69-fcc8948f66f6", "text": "This is text message 49", "created": "2025-06-28T19:16:00.207Z", "is_read": false}}, {"model": "chat.message", "pk": 550, "fields": {"sender": 6, "thread": "3cff18f1-d049-43f3-9c69-fcc8948f66f6", "text": "This is text message 50", "created": "2025-06-28T19:16:00.207Z", "is_read": true}}, {"model": "chat.message", "pk": 551, "fields": {"sender": 2, "thread": "ab0beb0b-c436-411f-a1f4-1dc3fccde9db", "text": "This is text message 1", "created": "2025-06-28T19:16:36.909Z", "is_read": false}}, {"model": "chat.message", "pk": 552, "fields": {"sender": 2, "thread": "ab0beb0b-c436-411f-a1f4-1dc3fccde9db", "text": "This is text message 2", "created": "2025-06-28T19:16:36.909Z", "is_read": false}}, {"model": "chat.message", "pk": 553, "fields": {"sender": 6, "thread": "ab0beb0b-c436-411f-a1f4-1dc3fccde9db", "text": "This is text message 3", "created": "2025-06-28T19:16:36.910Z", "is_read": false}}, {"model": "chat.message", "pk": 554, "fields": {"sender": 6, "thread": "ab0beb0b-c436-411f-a1f4-1dc3fccde9db", "text": "This is text message 4", "created": "2025-06-28T19:16:36.910Z", "is_read": false}}, {"model": "chat.message", "pk": 555, "fields": {"sender": 6, "thread": "ab0beb0b-c436-411f-a1f4-1dc3fccde9db", "text": "This is text message 5", "created": "2025-06-28T19:16:36.910Z", "is_read": false}}, {"model": "chat.message", "pk": 556, "fields": {"sender": 2, "thread": "ab0beb0b-c436-411f-a1f4-1dc3fccde9db", "text": "This is text message 6", "created": "2025-06-28T19:16:36.911Z", "is_read": true}}, {"model": "chat.message", "pk": 557, "fields": {"sender": 6, "thread": "ab0beb0b-c436-411f-a1f4-1dc3fccde9db", "text": "This is text message 7", "created": "2025-06-28T19:16:36.911Z", "is_read": false}}, {"model": "chat.message", "pk": 558, "fields": {"sender": 2, "thread": "ab0beb0b-c436-411f-a1f4-1dc3fccde9db", "text": "This is text message 8", "created": "2025-06-28T19:16:36.912Z", "is_read": true}}, {"model": "chat.message", "pk": 559, "fields": {"sender": 2, "thread": "ab0beb0b-c436-411f-a1f4-1dc3fccde9db", "text": "This is text message 9", "created": "2025-06-28T19:16:36.912Z", "is_read": true}}, {"model": "chat.message", "pk": 560, "fields": {"sender": 2, "thread": "ab0beb0b-c436-411f-a1f4-1dc3fccde9db", "text": "This is text message 10", "created": "2025-06-28T19:16:36.912Z", "is_read": true}}, {"model": "chat.message", "pk": 561, "fields": {"sender": 2, "thread": "ab0beb0b-c436-411f-a1f4-1dc3fccde9db", "text": "This is text message 11", "created": "2025-06-28T19:16:36.913Z", "is_read": true}}, {"model": "chat.message", "pk": 562, "fields": {"sender": 6, "thread": "ab0beb0b-c436-411f-a1f4-1dc3fccde9db", "text": "This is text message 12", "created": "2025-06-28T19:16:36.913Z", "is_read": true}}, {"model": "chat.message", "pk": 563, "fields": {"sender": 6, "thread": "ab0beb0b-c436-411f-a1f4-1dc3fccde9db", "text": "This is text message 13", "created": "2025-06-28T19:16:36.913Z", "is_read": true}}, {"model": "chat.message", "pk": 564, "fields": {"sender": 2, "thread": "ab0beb0b-c436-411f-a1f4-1dc3fccde9db", "text": "This is text message 14", "created": "2025-06-28T19:16:36.913Z", "is_read": true}}, {"model": "chat.message", "pk": 565, "fields": {"sender": 6, "thread": "ab0beb0b-c436-411f-a1f4-1dc3fccde9db", "text": "This is text message 15", "created": "2025-06-28T19:16:36.914Z", "is_read": false}}, {"model": "chat.message", "pk": 566, "fields": {"sender": 6, "thread": "ab0beb0b-c436-411f-a1f4-1dc3fccde9db", "text": "This is text message 16", "created": "2025-06-28T19:16:36.914Z", "is_read": true}}, {"model": "chat.message", "pk": 567, "fields": {"sender": 6, "thread": "ab0beb0b-c436-411f-a1f4-1dc3fccde9db", "text": "This is text message 17", "created": "2025-06-28T19:16:36.914Z", "is_read": false}}, {"model": "chat.message", "pk": 568, "fields": {"sender": 6, "thread": "ab0beb0b-c436-411f-a1f4-1dc3fccde9db", "text": "This is text message 18", "created": "2025-06-28T19:16:36.915Z", "is_read": false}}, {"model": "chat.message", "pk": 569, "fields": {"sender": 2, "thread": "ab0beb0b-c436-411f-a1f4-1dc3fccde9db", "text": "This is text message 19", "created": "2025-06-28T19:16:36.915Z", "is_read": true}}, {"model": "chat.message", "pk": 570, "fields": {"sender": 2, "thread": "ab0beb0b-c436-411f-a1f4-1dc3fccde9db", "text": "This is text message 20", "created": "2025-06-28T19:16:36.915Z", "is_read": false}}, {"model": "chat.message", "pk": 571, "fields": {"sender": 6, "thread": "ab0beb0b-c436-411f-a1f4-1dc3fccde9db", "text": "This is text message 21", "created": "2025-06-28T19:16:36.916Z", "is_read": false}}, {"model": "chat.message", "pk": 572, "fields": {"sender": 2, "thread": "ab0beb0b-c436-411f-a1f4-1dc3fccde9db", "text": "This is text message 22", "created": "2025-06-28T19:16:36.916Z", "is_read": false}}, {"model": "chat.message", "pk": 573, "fields": {"sender": 6, "thread": "ab0beb0b-c436-411f-a1f4-1dc3fccde9db", "text": "This is text message 23", "created": "2025-06-28T19:16:36.916Z", "is_read": false}}, {"model": "chat.message", "pk": 574, "fields": {"sender": 6, "thread": "ab0beb0b-c436-411f-a1f4-1dc3fccde9db", "text": "This is text message 24", "created": "2025-06-28T19:16:36.917Z", "is_read": true}}, {"model": "chat.message", "pk": 575, "fields": {"sender": 6, "thread": "ab0beb0b-c436-411f-a1f4-1dc3fccde9db", "text": "This is text message 25", "created": "2025-06-28T19:16:36.917Z", "is_read": true}}, {"model": "chat.message", "pk": 576, "fields": {"sender": 2, "thread": "ab0beb0b-c436-411f-a1f4-1dc3fccde9db", "text": "This is text message 26", "created": "2025-06-28T19:16:36.917Z", "is_read": true}}, {"model": "chat.message", "pk": 577, "fields": {"sender": 2, "thread": "ab0beb0b-c436-411f-a1f4-1dc3fccde9db", "text": "This is text message 27", "created": "2025-06-28T19:16:36.918Z", "is_read": false}}, {"model": "chat.message", "pk": 578, "fields": {"sender": 2, "thread": "ab0beb0b-c436-411f-a1f4-1dc3fccde9db", "text": "This is text message 28", "created": "2025-06-28T19:16:36.918Z", "is_read": false}}, {"model": "chat.message", "pk": 579, "fields": {"sender": 2, "thread": "ab0beb0b-c436-411f-a1f4-1dc3fccde9db", "text": "This is text message 29", "created": "2025-06-28T19:16:36.919Z", "is_read": false}}, {"model": "chat.message", "pk": 580, "fields": {"sender": 2, "thread": "ab0beb0b-c436-411f-a1f4-1dc3fccde9db", "text": "This is text message 30", "created": "2025-06-28T19:16:36.919Z", "is_read": false}}, {"model": "chat.message", "pk": 581, "fields": {"sender": 6, "thread": "ab0beb0b-c436-411f-a1f4-1dc3fccde9db", "text": "This is text message 31", "created": "2025-06-28T19:16:36.920Z", "is_read": true}}, {"model": "chat.message", "pk": 582, "fields": {"sender": 6, "thread": "ab0beb0b-c436-411f-a1f4-1dc3fccde9db", "text": "This is text message 32", "created": "2025-06-28T19:16:36.920Z", "is_read": false}}, {"model": "chat.message", "pk": 583, "fields": {"sender": 2, "thread": "ab0beb0b-c436-411f-a1f4-1dc3fccde9db", "text": "This is text message 33", "created": "2025-06-28T19:16:36.921Z", "is_read": false}}, {"model": "chat.message", "pk": 584, "fields": {"sender": 6, "thread": "ab0beb0b-c436-411f-a1f4-1dc3fccde9db", "text": "This is text message 34", "created": "2025-06-28T19:16:36.921Z", "is_read": true}}, {"model": "chat.message", "pk": 585, "fields": {"sender": 6, "thread": "ab0beb0b-c436-411f-a1f4-1dc3fccde9db", "text": "This is text message 35", "created": "2025-06-28T19:16:36.922Z", "is_read": false}}, {"model": "chat.message", "pk": 586, "fields": {"sender": 2, "thread": "ab0beb0b-c436-411f-a1f4-1dc3fccde9db", "text": "This is text message 36", "created": "2025-06-28T19:16:36.922Z", "is_read": true}}, {"model": "chat.message", "pk": 587, "fields": {"sender": 2, "thread": "ab0beb0b-c436-411f-a1f4-1dc3fccde9db", "text": "This is text message 37", "created": "2025-06-28T19:16:36.923Z", "is_read": false}}, {"model": "chat.message", "pk": 588, "fields": {"sender": 6, "thread": "ab0beb0b-c436-411f-a1f4-1dc3fccde9db", "text": "This is text message 38", "created": "2025-06-28T19:16:36.923Z", "is_read": false}}, {"model": "chat.message", "pk": 589, "fields": {"sender": 6, "thread": "ab0beb0b-c436-411f-a1f4-1dc3fccde9db", "text": "This is text message 39", "created": "2025-06-28T19:16:36.924Z", "is_read": false}}, {"model": "chat.message", "pk": 590, "fields": {"sender": 2, "thread": "ab0beb0b-c436-411f-a1f4-1dc3fccde9db", "text": "This is text message 40", "created": "2025-06-28T19:16:36.924Z", "is_read": true}}, {"model": "chat.message", "pk": 591, "fields": {"sender": 2, "thread": "ab0beb0b-c436-411f-a1f4-1dc3fccde9db", "text": "This is text message 41", "created": "2025-06-28T19:16:36.925Z", "is_read": false}}, {"model": "chat.message", "pk": 592, "fields": {"sender": 2, "thread": "ab0beb0b-c436-411f-a1f4-1dc3fccde9db", "text": "This is text message 42", "created": "2025-06-28T19:16:36.926Z", "is_read": false}}, {"model": "chat.message", "pk": 593, "fields": {"sender": 6, "thread": "ab0beb0b-c436-411f-a1f4-1dc3fccde9db", "text": "This is text message 43", "created": "2025-06-28T19:16:36.926Z", "is_read": false}}, {"model": "chat.message", "pk": 594, "fields": {"sender": 2, "thread": "ab0beb0b-c436-411f-a1f4-1dc3fccde9db", "text": "This is text message 44", "created": "2025-06-28T19:16:36.926Z", "is_read": false}}, {"model": "chat.message", "pk": 595, "fields": {"sender": 2, "thread": "ab0beb0b-c436-411f-a1f4-1dc3fccde9db", "text": "This is text message 45", "created": "2025-06-28T19:16:36.927Z", "is_read": false}}, {"model": "chat.message", "pk": 596, "fields": {"sender": 6, "thread": "ab0beb0b-c436-411f-a1f4-1dc3fccde9db", "text": "This is text message 46", "created": "2025-06-28T19:16:36.927Z", "is_read": true}}, {"model": "chat.message", "pk": 597, "fields": {"sender": 2, "thread": "ab0beb0b-c436-411f-a1f4-1dc3fccde9db", "text": "This is text message 47", "created": "2025-06-28T19:16:36.927Z", "is_read": false}}, {"model": "chat.message", "pk": 598, "fields": {"sender": 6, "thread": "ab0beb0b-c436-411f-a1f4-1dc3fccde9db", "text": "This is text message 48", "created": "2025-06-28T19:16:36.928Z", "is_read": true}}, {"model": "chat.message", "pk": 599, "fields": {"sender": 2, "thread": "ab0beb0b-c436-411f-a1f4-1dc3fccde9db", "text": "This is text message 49", "created": "2025-06-28T19:16:36.928Z", "is_read": true}}, {"model": "chat.message", "pk": 600, "fields": {"sender": 6, "thread": "ab0beb0b-c436-411f-a1f4-1dc3fccde9db", "text": "This is text message 50", "created": "2025-06-28T19:16:36.928Z", "is_read": true}}, {"model": "chat.message", "pk": 601, "fields": {"sender": 6, "thread": "ab0beb0b-c436-411f-a1f4-1dc3fccde9db", "text": "This is text message 51", "created": "2025-06-28T19:16:36.929Z", "is_read": true}}, {"model": "chat.message", "pk": 602, "fields": {"sender": 2, "thread": "ab0beb0b-c436-411f-a1f4-1dc3fccde9db", "text": "This is text message 52", "created": "2025-06-28T19:16:36.929Z", "is_read": false}}, {"model": "chat.message", "pk": 603, "fields": {"sender": 2, "thread": "ab0beb0b-c436-411f-a1f4-1dc3fccde9db", "text": "This is text message 53", "created": "2025-06-28T19:16:36.930Z", "is_read": false}}, {"model": "chat.message", "pk": 604, "fields": {"sender": 2, "thread": "ab0beb0b-c436-411f-a1f4-1dc3fccde9db", "text": "This is text message 54", "created": "2025-06-28T19:16:36.930Z", "is_read": false}}, {"model": "chat.message", "pk": 605, "fields": {"sender": 6, "thread": "ab0beb0b-c436-411f-a1f4-1dc3fccde9db", "text": "This is text message 55", "created": "2025-06-28T19:16:36.931Z", "is_read": true}}, {"model": "chat.message", "pk": 606, "fields": {"sender": 6, "thread": "ab0beb0b-c436-411f-a1f4-1dc3fccde9db", "text": "This is text message 56", "created": "2025-06-28T19:16:36.931Z", "is_read": true}}, {"model": "chat.message", "pk": 607, "fields": {"sender": 2, "thread": "ab0beb0b-c436-411f-a1f4-1dc3fccde9db", "text": "This is text message 57", "created": "2025-06-28T19:16:36.931Z", "is_read": false}}, {"model": "chat.message", "pk": 608, "fields": {"sender": 6, "thread": "ab0beb0b-c436-411f-a1f4-1dc3fccde9db", "text": "This is text message 58", "created": "2025-06-28T19:16:36.932Z", "is_read": true}}, {"model": "chat.message", "pk": 609, "fields": {"sender": 6, "thread": "ab0beb0b-c436-411f-a1f4-1dc3fccde9db", "text": "This is text message 59", "created": "2025-06-28T19:16:36.932Z", "is_read": false}}, {"model": "chat.message", "pk": 610, "fields": {"sender": 2, "thread": "ab0beb0b-c436-411f-a1f4-1dc3fccde9db", "text": "This is text message 60", "created": "2025-06-28T19:16:36.932Z", "is_read": true}}, {"model": "chat.message", "pk": 611, "fields": {"sender": 2, "thread": "ab0beb0b-c436-411f-a1f4-1dc3fccde9db", "text": "This is text message 61", "created": "2025-06-28T19:16:36.933Z", "is_read": true}}, {"model": "chat.message", "pk": 612, "fields": {"sender": 6, "thread": "ab0beb0b-c436-411f-a1f4-1dc3fccde9db", "text": "This is text message 62", "created": "2025-06-28T19:16:36.933Z", "is_read": true}}, {"model": "chat.message", "pk": 613, "fields": {"sender": 6, "thread": "ab0beb0b-c436-411f-a1f4-1dc3fccde9db", "text": "This is text message 63", "created": "2025-06-28T19:16:36.933Z", "is_read": true}}, {"model": "chat.message", "pk": 614, "fields": {"sender": 2, "thread": "ab0beb0b-c436-411f-a1f4-1dc3fccde9db", "text": "This is text message 64", "created": "2025-06-28T19:16:36.934Z", "is_read": false}}, {"model": "chat.message", "pk": 615, "fields": {"sender": 2, "thread": "ab0beb0b-c436-411f-a1f4-1dc3fccde9db", "text": "This is text message 65", "created": "2025-06-28T19:16:36.934Z", "is_read": false}}, {"model": "chat.message", "pk": 616, "fields": {"sender": 6, "thread": "ab0beb0b-c436-411f-a1f4-1dc3fccde9db", "text": "This is text message 66", "created": "2025-06-28T19:16:36.935Z", "is_read": false}}, {"model": "chat.message", "pk": 617, "fields": {"sender": 2, "thread": "ab0beb0b-c436-411f-a1f4-1dc3fccde9db", "text": "This is text message 67", "created": "2025-06-28T19:16:36.935Z", "is_read": true}}, {"model": "chat.message", "pk": 618, "fields": {"sender": 6, "thread": "ab0beb0b-c436-411f-a1f4-1dc3fccde9db", "text": "This is text message 68", "created": "2025-06-28T19:16:36.935Z", "is_read": false}}, {"model": "chat.message", "pk": 619, "fields": {"sender": 2, "thread": "ab0beb0b-c436-411f-a1f4-1dc3fccde9db", "text": "This is text message 69", "created": "2025-06-28T19:16:36.936Z", "is_read": false}}, {"model": "chat.message", "pk": 620, "fields": {"sender": 6, "thread": "ab0beb0b-c436-411f-a1f4-1dc3fccde9db", "text": "This is text message 70", "created": "2025-06-28T19:16:36.936Z", "is_read": true}}, {"model": "chat.message", "pk": 621, "fields": {"sender": 6, "thread": "ab0beb0b-c436-411f-a1f4-1dc3fccde9db", "text": "This is text message 71", "created": "2025-06-28T19:16:36.936Z", "is_read": true}}, {"model": "chat.message", "pk": 622, "fields": {"sender": 2, "thread": "ab0beb0b-c436-411f-a1f4-1dc3fccde9db", "text": "This is text message 72", "created": "2025-06-28T19:16:36.937Z", "is_read": false}}, {"model": "chat.message", "pk": 623, "fields": {"sender": 2, "thread": "ab0beb0b-c436-411f-a1f4-1dc3fccde9db", "text": "This is text message 73", "created": "2025-06-28T19:16:36.937Z", "is_read": false}}, {"model": "chat.message", "pk": 624, "fields": {"sender": 6, "thread": "ab0beb0b-c436-411f-a1f4-1dc3fccde9db", "text": "This is text message 74", "created": "2025-06-28T19:16:36.937Z", "is_read": false}}, {"model": "chat.message", "pk": 625, "fields": {"sender": 6, "thread": "ab0beb0b-c436-411f-a1f4-1dc3fccde9db", "text": "This is text message 75", "created": "2025-06-28T19:16:36.938Z", "is_read": true}}, {"model": "chat.message", "pk": 626, "fields": {"sender": 6, "thread": "ab0beb0b-c436-411f-a1f4-1dc3fccde9db", "text": "This is text message 76", "created": "2025-06-28T19:16:36.938Z", "is_read": true}}, {"model": "chat.message", "pk": 627, "fields": {"sender": 6, "thread": "ab0beb0b-c436-411f-a1f4-1dc3fccde9db", "text": "This is text message 77", "created": "2025-06-28T19:16:36.938Z", "is_read": false}}, {"model": "chat.message", "pk": 628, "fields": {"sender": 6, "thread": "ab0beb0b-c436-411f-a1f4-1dc3fccde9db", "text": "This is text message 78", "created": "2025-06-28T19:16:36.939Z", "is_read": false}}, {"model": "chat.message", "pk": 629, "fields": {"sender": 2, "thread": "ab0beb0b-c436-411f-a1f4-1dc3fccde9db", "text": "This is text message 79", "created": "2025-06-28T19:16:36.939Z", "is_read": true}}, {"model": "chat.message", "pk": 630, "fields": {"sender": 6, "thread": "ab0beb0b-c436-411f-a1f4-1dc3fccde9db", "text": "This is text message 80", "created": "2025-06-28T19:16:36.939Z", "is_read": true}}, {"model": "chat.message", "pk": 631, "fields": {"sender": 6, "thread": "ab0beb0b-c436-411f-a1f4-1dc3fccde9db", "text": "This is text message 81", "created": "2025-06-28T19:16:36.940Z", "is_read": true}}, {"model": "chat.message", "pk": 632, "fields": {"sender": 2, "thread": "ab0beb0b-c436-411f-a1f4-1dc3fccde9db", "text": "This is text message 82", "created": "2025-06-28T19:16:36.940Z", "is_read": false}}, {"model": "chat.message", "pk": 633, "fields": {"sender": 2, "thread": "ab0beb0b-c436-411f-a1f4-1dc3fccde9db", "text": "This is text message 83", "created": "2025-06-28T19:16:36.941Z", "is_read": false}}, {"model": "chat.message", "pk": 634, "fields": {"sender": 6, "thread": "ab0beb0b-c436-411f-a1f4-1dc3fccde9db", "text": "This is text message 84", "created": "2025-06-28T19:16:36.941Z", "is_read": true}}, {"model": "chat.message", "pk": 635, "fields": {"sender": 2, "thread": "ab0beb0b-c436-411f-a1f4-1dc3fccde9db", "text": "This is text message 85", "created": "2025-06-28T19:16:36.941Z", "is_read": true}}, {"model": "chat.message", "pk": 636, "fields": {"sender": 6, "thread": "ab0beb0b-c436-411f-a1f4-1dc3fccde9db", "text": "This is text message 86", "created": "2025-06-28T19:16:36.942Z", "is_read": true}}, {"model": "chat.message", "pk": 637, "fields": {"sender": 6, "thread": "ab0beb0b-c436-411f-a1f4-1dc3fccde9db", "text": "This is text message 87", "created": "2025-06-28T19:16:36.942Z", "is_read": false}}, {"model": "chat.message", "pk": 638, "fields": {"sender": 2, "thread": "ab0beb0b-c436-411f-a1f4-1dc3fccde9db", "text": "This is text message 88", "created": "2025-06-28T19:16:36.942Z", "is_read": true}}, {"model": "chat.message", "pk": 639, "fields": {"sender": 6, "thread": "ab0beb0b-c436-411f-a1f4-1dc3fccde9db", "text": "This is text message 89", "created": "2025-06-28T19:16:36.943Z", "is_read": true}}, {"model": "chat.message", "pk": 640, "fields": {"sender": 2, "thread": "ab0beb0b-c436-411f-a1f4-1dc3fccde9db", "text": "This is text message 90", "created": "2025-06-28T19:16:36.943Z", "is_read": true}}, {"model": "chat.message", "pk": 641, "fields": {"sender": 2, "thread": "ab0beb0b-c436-411f-a1f4-1dc3fccde9db", "text": "This is text message 91", "created": "2025-06-28T19:16:36.943Z", "is_read": true}}, {"model": "chat.message", "pk": 642, "fields": {"sender": 2, "thread": "ab0beb0b-c436-411f-a1f4-1dc3fccde9db", "text": "This is text message 92", "created": "2025-06-28T19:16:36.944Z", "is_read": false}}, {"model": "chat.message", "pk": 643, "fields": {"sender": 6, "thread": "ab0beb0b-c436-411f-a1f4-1dc3fccde9db", "text": "This is text message 93", "created": "2025-06-28T19:16:36.944Z", "is_read": false}}, {"model": "chat.message", "pk": 644, "fields": {"sender": 2, "thread": "ab0beb0b-c436-411f-a1f4-1dc3fccde9db", "text": "This is text message 94", "created": "2025-06-28T19:16:36.944Z", "is_read": true}}, {"model": "chat.message", "pk": 645, "fields": {"sender": 2, "thread": "ab0beb0b-c436-411f-a1f4-1dc3fccde9db", "text": "This is text message 95", "created": "2025-06-28T19:16:36.945Z", "is_read": false}}, {"model": "chat.message", "pk": 646, "fields": {"sender": 2, "thread": "ab0beb0b-c436-411f-a1f4-1dc3fccde9db", "text": "This is text message 96", "created": "2025-06-28T19:16:36.945Z", "is_read": false}}, {"model": "chat.message", "pk": 647, "fields": {"sender": 6, "thread": "ab0beb0b-c436-411f-a1f4-1dc3fccde9db", "text": "This is text message 97", "created": "2025-06-28T19:16:36.945Z", "is_read": false}}, {"model": "chat.message", "pk": 648, "fields": {"sender": 6, "thread": "ab0beb0b-c436-411f-a1f4-1dc3fccde9db", "text": "This is text message 98", "created": "2025-06-28T19:16:36.946Z", "is_read": true}}, {"model": "chat.message", "pk": 649, "fields": {"sender": 2, "thread": "ab0beb0b-c436-411f-a1f4-1dc3fccde9db", "text": "This is text message 99", "created": "2025-06-28T19:16:36.946Z", "is_read": false}}, {"model": "chat.message", "pk": 650, "fields": {"sender": 2, "thread": "ab0beb0b-c436-411f-a1f4-1dc3fccde9db", "text": "This is text message 100", "created": "2025-06-28T19:16:36.946Z", "is_read": true}}, {"model": "chat.message", "pk": 651, "fields": {"sender": 2, "thread": "0858d2ae-2c9b-476e-ae9b-52b6b241ce5c", "text": "This is text message 1", "created": "2025-06-28T19:17:26.821Z", "is_read": false}}, {"model": "chat.message", "pk": 652, "fields": {"sender": 5, "thread": "0858d2ae-2c9b-476e-ae9b-52b6b241ce5c", "text": "This is text message 2", "created": "2025-06-28T19:17:26.822Z", "is_read": true}}, {"model": "chat.message", "pk": 653, "fields": {"sender": 2, "thread": "0858d2ae-2c9b-476e-ae9b-52b6b241ce5c", "text": "This is text message 3", "created": "2025-06-28T19:17:26.822Z", "is_read": true}}, {"model": "chat.message", "pk": 654, "fields": {"sender": 2, "thread": "0858d2ae-2c9b-476e-ae9b-52b6b241ce5c", "text": "This is text message 4", "created": "2025-06-28T19:17:26.823Z", "is_read": true}}, {"model": "chat.message", "pk": 655, "fields": {"sender": 2, "thread": "0858d2ae-2c9b-476e-ae9b-52b6b241ce5c", "text": "This is text message 5", "created": "2025-06-28T19:17:26.823Z", "is_read": false}}, {"model": "chat.message", "pk": 656, "fields": {"sender": 2, "thread": "0858d2ae-2c9b-476e-ae9b-52b6b241ce5c", "text": "This is text message 6", "created": "2025-06-28T19:17:26.823Z", "is_read": false}}, {"model": "chat.message", "pk": 657, "fields": {"sender": 2, "thread": "0858d2ae-2c9b-476e-ae9b-52b6b241ce5c", "text": "This is text message 7", "created": "2025-06-28T19:17:26.824Z", "is_read": true}}, {"model": "chat.message", "pk": 658, "fields": {"sender": 2, "thread": "0858d2ae-2c9b-476e-ae9b-52b6b241ce5c", "text": "This is text message 8", "created": "2025-06-28T19:17:26.824Z", "is_read": true}}, {"model": "chat.message", "pk": 659, "fields": {"sender": 2, "thread": "0858d2ae-2c9b-476e-ae9b-52b6b241ce5c", "text": "This is text message 9", "created": "2025-06-28T19:17:26.824Z", "is_read": true}}, {"model": "chat.message", "pk": 660, "fields": {"sender": 5, "thread": "0858d2ae-2c9b-476e-ae9b-52b6b241ce5c", "text": "This is text message 10", "created": "2025-06-28T19:17:26.825Z", "is_read": false}}, {"model": "chat.message", "pk": 661, "fields": {"sender": 2, "thread": "0858d2ae-2c9b-476e-ae9b-52b6b241ce5c", "text": "This is text message 11", "created": "2025-06-28T19:17:26.825Z", "is_read": true}}, {"model": "chat.message", "pk": 662, "fields": {"sender": 5, "thread": "0858d2ae-2c9b-476e-ae9b-52b6b241ce5c", "text": "This is text message 12", "created": "2025-06-28T19:17:26.826Z", "is_read": true}}, {"model": "chat.message", "pk": 663, "fields": {"sender": 5, "thread": "0858d2ae-2c9b-476e-ae9b-52b6b241ce5c", "text": "This is text message 13", "created": "2025-06-28T19:17:26.826Z", "is_read": false}}, {"model": "chat.message", "pk": 664, "fields": {"sender": 5, "thread": "0858d2ae-2c9b-476e-ae9b-52b6b241ce5c", "text": "This is text message 14", "created": "2025-06-28T19:17:26.827Z", "is_read": false}}, {"model": "chat.message", "pk": 665, "fields": {"sender": 5, "thread": "0858d2ae-2c9b-476e-ae9b-52b6b241ce5c", "text": "This is text message 15", "created": "2025-06-28T19:17:26.827Z", "is_read": false}}, {"model": "chat.message", "pk": 666, "fields": {"sender": 5, "thread": "0858d2ae-2c9b-476e-ae9b-52b6b241ce5c", "text": "This is text message 16", "created": "2025-06-28T19:17:26.828Z", "is_read": true}}, {"model": "chat.message", "pk": 667, "fields": {"sender": 5, "thread": "0858d2ae-2c9b-476e-ae9b-52b6b241ce5c", "text": "This is text message 17", "created": "2025-06-28T19:17:26.828Z", "is_read": true}}, {"model": "chat.message", "pk": 668, "fields": {"sender": 2, "thread": "0858d2ae-2c9b-476e-ae9b-52b6b241ce5c", "text": "This is text message 18", "created": "2025-06-28T19:17:26.828Z", "is_read": true}}, {"model": "chat.message", "pk": 669, "fields": {"sender": 2, "thread": "0858d2ae-2c9b-476e-ae9b-52b6b241ce5c", "text": "This is text message 19", "created": "2025-06-28T19:17:26.829Z", "is_read": true}}, {"model": "chat.message", "pk": 670, "fields": {"sender": 2, "thread": "0858d2ae-2c9b-476e-ae9b-52b6b241ce5c", "text": "This is text message 20", "created": "2025-06-28T19:17:26.830Z", "is_read": true}}, {"model": "chat.message", "pk": 671, "fields": {"sender": 5, "thread": "0858d2ae-2c9b-476e-ae9b-52b6b241ce5c", "text": "This is text message 21", "created": "2025-06-28T19:17:26.830Z", "is_read": true}}, {"model": "chat.message", "pk": 672, "fields": {"sender": 5, "thread": "0858d2ae-2c9b-476e-ae9b-52b6b241ce5c", "text": "This is text message 22", "created": "2025-06-28T19:17:26.830Z", "is_read": true}}, {"model": "chat.message", "pk": 673, "fields": {"sender": 2, "thread": "0858d2ae-2c9b-476e-ae9b-52b6b241ce5c", "text": "This is text message 23", "created": "2025-06-28T19:17:26.831Z", "is_read": true}}, {"model": "chat.message", "pk": 674, "fields": {"sender": 5, "thread": "0858d2ae-2c9b-476e-ae9b-52b6b241ce5c", "text": "This is text message 24", "created": "2025-06-28T19:17:26.831Z", "is_read": false}}, {"model": "chat.message", "pk": 675, "fields": {"sender": 5, "thread": "0858d2ae-2c9b-476e-ae9b-52b6b241ce5c", "text": "This is text message 25", "created": "2025-06-28T19:17:26.832Z", "is_read": true}}, {"model": "chat.message", "pk": 676, "fields": {"sender": 2, "thread": "0858d2ae-2c9b-476e-ae9b-52b6b241ce5c", "text": "This is text message 26", "created": "2025-06-28T19:17:26.832Z", "is_read": true}}, {"model": "chat.message", "pk": 677, "fields": {"sender": 5, "thread": "0858d2ae-2c9b-476e-ae9b-52b6b241ce5c", "text": "This is text message 27", "created": "2025-06-28T19:17:26.832Z", "is_read": true}}, {"model": "chat.message", "pk": 678, "fields": {"sender": 5, "thread": "0858d2ae-2c9b-476e-ae9b-52b6b241ce5c", "text": "This is text message 28", "created": "2025-06-28T19:17:26.833Z", "is_read": true}}, {"model": "chat.message", "pk": 679, "fields": {"sender": 2, "thread": "0858d2ae-2c9b-476e-ae9b-52b6b241ce5c", "text": "This is text message 29", "created": "2025-06-28T19:17:26.833Z", "is_read": true}}, {"model": "chat.message", "pk": 680, "fields": {"sender": 2, "thread": "0858d2ae-2c9b-476e-ae9b-52b6b241ce5c", "text": "This is text message 30", "created": "2025-06-28T19:17:26.834Z", "is_read": true}}, {"model": "chat.message", "pk": 681, "fields": {"sender": 2, "thread": "0858d2ae-2c9b-476e-ae9b-52b6b241ce5c", "text": "This is text message 31", "created": "2025-06-28T19:17:26.835Z", "is_read": true}}, {"model": "chat.message", "pk": 682, "fields": {"sender": 5, "thread": "0858d2ae-2c9b-476e-ae9b-52b6b241ce5c", "text": "This is text message 32", "created": "2025-06-28T19:17:26.835Z", "is_read": true}}, {"model": "chat.message", "pk": 683, "fields": {"sender": 5, "thread": "0858d2ae-2c9b-476e-ae9b-52b6b241ce5c", "text": "This is text message 33", "created": "2025-06-28T19:17:26.836Z", "is_read": true}}, {"model": "chat.message", "pk": 684, "fields": {"sender": 2, "thread": "0858d2ae-2c9b-476e-ae9b-52b6b241ce5c", "text": "This is text message 34", "created": "2025-06-28T19:17:26.836Z", "is_read": true}}, {"model": "chat.message", "pk": 685, "fields": {"sender": 2, "thread": "0858d2ae-2c9b-476e-ae9b-52b6b241ce5c", "text": "This is text message 35", "created": "2025-06-28T19:17:26.837Z", "is_read": true}}, {"model": "chat.message", "pk": 686, "fields": {"sender": 5, "thread": "0858d2ae-2c9b-476e-ae9b-52b6b241ce5c", "text": "This is text message 36", "created": "2025-06-28T19:17:26.837Z", "is_read": false}}, {"model": "chat.message", "pk": 687, "fields": {"sender": 2, "thread": "0858d2ae-2c9b-476e-ae9b-52b6b241ce5c", "text": "This is text message 37", "created": "2025-06-28T19:17:26.837Z", "is_read": true}}, {"model": "chat.message", "pk": 688, "fields": {"sender": 2, "thread": "0858d2ae-2c9b-476e-ae9b-52b6b241ce5c", "text": "This is text message 38", "created": "2025-06-28T19:17:26.838Z", "is_read": true}}, {"model": "chat.message", "pk": 689, "fields": {"sender": 5, "thread": "0858d2ae-2c9b-476e-ae9b-52b6b241ce5c", "text": "This is text message 39", "created": "2025-06-28T19:17:26.838Z", "is_read": false}}, {"model": "chat.message", "pk": 690, "fields": {"sender": 2, "thread": "0858d2ae-2c9b-476e-ae9b-52b6b241ce5c", "text": "This is text message 40", "created": "2025-06-28T19:17:26.839Z", "is_read": false}}, {"model": "chat.message", "pk": 691, "fields": {"sender": 5, "thread": "0858d2ae-2c9b-476e-ae9b-52b6b241ce5c", "text": "This is text message 41", "created": "2025-06-28T19:17:26.839Z", "is_read": true}}, {"model": "chat.message", "pk": 692, "fields": {"sender": 2, "thread": "0858d2ae-2c9b-476e-ae9b-52b6b241ce5c", "text": "This is text message 42", "created": "2025-06-28T19:17:26.839Z", "is_read": false}}, {"model": "chat.message", "pk": 693, "fields": {"sender": 2, "thread": "0858d2ae-2c9b-476e-ae9b-52b6b241ce5c", "text": "This is text message 43", "created": "2025-06-28T19:17:26.840Z", "is_read": true}}, {"model": "chat.message", "pk": 694, "fields": {"sender": 2, "thread": "0858d2ae-2c9b-476e-ae9b-52b6b241ce5c", "text": "This is text message 44", "created": "2025-06-28T19:17:26.840Z", "is_read": true}}, {"model": "chat.message", "pk": 695, "fields": {"sender": 2, "thread": "0858d2ae-2c9b-476e-ae9b-52b6b241ce5c", "text": "This is text message 45", "created": "2025-06-28T19:17:26.840Z", "is_read": false}}, {"model": "chat.message", "pk": 696, "fields": {"sender": 5, "thread": "0858d2ae-2c9b-476e-ae9b-52b6b241ce5c", "text": "This is text message 46", "created": "2025-06-28T19:17:26.841Z", "is_read": false}}, {"model": "chat.message", "pk": 697, "fields": {"sender": 2, "thread": "0858d2ae-2c9b-476e-ae9b-52b6b241ce5c", "text": "This is text message 47", "created": "2025-06-28T19:17:26.841Z", "is_read": true}}, {"model": "chat.message", "pk": 698, "fields": {"sender": 5, "thread": "0858d2ae-2c9b-476e-ae9b-52b6b241ce5c", "text": "This is text message 48", "created": "2025-06-28T19:17:26.841Z", "is_read": false}}, {"model": "chat.message", "pk": 699, "fields": {"sender": 5, "thread": "0858d2ae-2c9b-476e-ae9b-52b6b241ce5c", "text": "This is text message 49", "created": "2025-06-28T19:17:26.842Z", "is_read": false}}, {"model": "chat.message", "pk": 700, "fields": {"sender": 5, "thread": "0858d2ae-2c9b-476e-ae9b-52b6b241ce5c", "text": "This is text message 50", "created": "2025-06-28T19:17:26.842Z", "is_read": true}}, {"model": "chat.message", "pk": 701, "fields": {"sender": 2, "thread": "0858d2ae-2c9b-476e-ae9b-52b6b241ce5c", "text": "This is text message 51", "created": "2025-06-28T19:17:26.842Z", "is_read": false}}, {"model": "chat.message", "pk": 702, "fields": {"sender": 2, "thread": "0858d2ae-2c9b-476e-ae9b-52b6b241ce5c", "text": "This is text message 52", "created": "2025-06-28T19:17:26.843Z", "is_read": false}}, {"model": "chat.message", "pk": 703, "fields": {"sender": 2, "thread": "0858d2ae-2c9b-476e-ae9b-52b6b241ce5c", "text": "This is text message 53", "created": "2025-06-28T19:17:26.843Z", "is_read": false}}, {"model": "chat.message", "pk": 704, "fields": {"sender": 5, "thread": "0858d2ae-2c9b-476e-ae9b-52b6b241ce5c", "text": "This is text message 54", "created": "2025-06-28T19:17:26.843Z", "is_read": true}}, {"model": "chat.message", "pk": 705, "fields": {"sender": 5, "thread": "0858d2ae-2c9b-476e-ae9b-52b6b241ce5c", "text": "This is text message 55", "created": "2025-06-28T19:17:26.844Z", "is_read": true}}, {"model": "chat.message", "pk": 706, "fields": {"sender": 2, "thread": "0858d2ae-2c9b-476e-ae9b-52b6b241ce5c", "text": "This is text message 56", "created": "2025-06-28T19:17:26.844Z", "is_read": false}}, {"model": "chat.message", "pk": 707, "fields": {"sender": 2, "thread": "0858d2ae-2c9b-476e-ae9b-52b6b241ce5c", "text": "This is text message 57", "created": "2025-06-28T19:17:26.844Z", "is_read": false}}, {"model": "chat.message", "pk": 708, "fields": {"sender": 5, "thread": "0858d2ae-2c9b-476e-ae9b-52b6b241ce5c", "text": "This is text message 58", "created": "2025-06-28T19:17:26.845Z", "is_read": true}}, {"model": "chat.message", "pk": 709, "fields": {"sender": 5, "thread": "0858d2ae-2c9b-476e-ae9b-52b6b241ce5c", "text": "This is text message 59", "created": "2025-06-28T19:17:26.845Z", "is_read": true}}, {"model": "chat.message", "pk": 710, "fields": {"sender": 2, "thread": "0858d2ae-2c9b-476e-ae9b-52b6b241ce5c", "text": "This is text message 60", "created": "2025-06-28T19:17:26.845Z", "is_read": false}}, {"model": "chat.message", "pk": 711, "fields": {"sender": 5, "thread": "0858d2ae-2c9b-476e-ae9b-52b6b241ce5c", "text": "This is text message 61", "created": "2025-06-28T19:17:26.846Z", "is_read": true}}, {"model": "chat.message", "pk": 712, "fields": {"sender": 5, "thread": "0858d2ae-2c9b-476e-ae9b-52b6b241ce5c", "text": "This is text message 62", "created": "2025-06-28T19:17:26.846Z", "is_read": true}}, {"model": "chat.message", "pk": 713, "fields": {"sender": 2, "thread": "0858d2ae-2c9b-476e-ae9b-52b6b241ce5c", "text": "This is text message 63", "created": "2025-06-28T19:17:26.846Z", "is_read": false}}, {"model": "chat.message", "pk": 714, "fields": {"sender": 5, "thread": "0858d2ae-2c9b-476e-ae9b-52b6b241ce5c", "text": "This is text message 64", "created": "2025-06-28T19:17:26.847Z", "is_read": true}}, {"model": "chat.message", "pk": 715, "fields": {"sender": 2, "thread": "0858d2ae-2c9b-476e-ae9b-52b6b241ce5c", "text": "This is text message 65", "created": "2025-06-28T19:17:26.847Z", "is_read": false}}, {"model": "chat.message", "pk": 716, "fields": {"sender": 5, "thread": "0858d2ae-2c9b-476e-ae9b-52b6b241ce5c", "text": "This is text message 66", "created": "2025-06-28T19:17:26.847Z", "is_read": false}}, {"model": "chat.message", "pk": 717, "fields": {"sender": 2, "thread": "0858d2ae-2c9b-476e-ae9b-52b6b241ce5c", "text": "This is text message 67", "created": "2025-06-28T19:17:26.848Z", "is_read": true}}, {"model": "chat.message", "pk": 718, "fields": {"sender": 2, "thread": "0858d2ae-2c9b-476e-ae9b-52b6b241ce5c", "text": "This is text message 68", "created": "2025-06-28T19:17:26.848Z", "is_read": false}}, {"model": "chat.message", "pk": 719, "fields": {"sender": 2, "thread": "0858d2ae-2c9b-476e-ae9b-52b6b241ce5c", "text": "This is text message 69", "created": "2025-06-28T19:17:26.848Z", "is_read": true}}, {"model": "chat.message", "pk": 720, "fields": {"sender": 2, "thread": "0858d2ae-2c9b-476e-ae9b-52b6b241ce5c", "text": "This is text message 70", "created": "2025-06-28T19:17:26.849Z", "is_read": false}}, {"model": "chat.message", "pk": 721, "fields": {"sender": 2, "thread": "0858d2ae-2c9b-476e-ae9b-52b6b241ce5c", "text": "This is text message 71", "created": "2025-06-28T19:17:26.849Z", "is_read": true}}, {"model": "chat.message", "pk": 722, "fields": {"sender": 2, "thread": "0858d2ae-2c9b-476e-ae9b-52b6b241ce5c", "text": "This is text message 72", "created": "2025-06-28T19:17:26.849Z", "is_read": false}}, {"model": "chat.message", "pk": 723, "fields": {"sender": 2, "thread": "0858d2ae-2c9b-476e-ae9b-52b6b241ce5c", "text": "This is text message 73", "created": "2025-06-28T19:17:26.850Z", "is_read": false}}, {"model": "chat.message", "pk": 724, "fields": {"sender": 2, "thread": "0858d2ae-2c9b-476e-ae9b-52b6b241ce5c", "text": "This is text message 74", "created": "2025-06-28T19:17:26.850Z", "is_read": false}}, {"model": "chat.message", "pk": 725, "fields": {"sender": 5, "thread": "0858d2ae-2c9b-476e-ae9b-52b6b241ce5c", "text": "This is text message 75", "created": "2025-06-28T19:17:26.850Z", "is_read": true}}]